site,model,condition,arm,split,auprc,auroc
A,RF,1_none,full,0,0.17836067397290412,0.7534525704796653
A,RF,1_none,full,1,0.16194520372331087,0.737913146809467
A,RF,1_none,full,2,0.157938501642918,0.730975632050823
A,RF,1_none,full,3,0.14622551227081584,0.7114381830290921
A,RF,1_none,full,4,0.16556589548721823,0.7445353941832815
A,RF,1_none,full,5,0.18668337735299995,0.7688453598823879
A,RF,1_none,full,6,0.167290128479121,0.6904474439933272
A,RF,1_none,full,7,0.17353144689469063,0.7452429558421378
A,RF,1_none,full,8,0.17506625001617115,0.7414933551297187
A,RF,1_none,full,9,0.17465336137725596,0.752524617401378
A,RF,1_none,full,10,0.17997980321652032,0.7573793219022082
A,RF,1_none,full,11,0.17333476325918357,0.7267708468224164
A,RF,1_none,full,12,0.19858482220971288,0.7697442088986053
A,RF,1_none,full,13,0.14948427528524588,0.7306121908394636
A,RF,1_none,full,14,0.14580798910002596,0.7112504572891898
A,RF,1_none,full,15,0.17250750595382117,0.7408858233228467
A,RF,1_none,full,16,0.17994448753239844,0.7454143465443825
A,RF,1_none,full,17,0.1517681505692107,0.7376808171908683
A,RF,1_none,full,18,0.16166835202320898,0.7421385432749068
A,RF,1_none,full,19,0.1925931164474272,0.7333680110968843
A,RF,1_none,full,20,0.18191248338310076,0.7450163392469473
A,RF,1_none,full,21,0.1702197594464358,0.7355060596134949
A,RF,1_none,full,22,0.14339641664741432,0.7243542379207641
A,RF,1_none,full,23,0.15946555076244187,0.7182098204825478
A,RF,1_none,full,24,0.19830846727068213,0.7704351106639838
A,RF,1_none,lab_indicators_only,0,0.18812469998769177,0.7565376031200726
A,RF,1_none,lab_indicators_only,1,0.16468630477628776,0.7195191157763238
A,RF,1_none,lab_indicators_only,2,0.1446737111165598,0.7064096313957298
A,RF,1_none,lab_indicators_only,3,0.16254150890521463,0.7195683104774014
A,RF,1_none,lab_indicators_only,4,0.1570756346410705,0.7280005792329736
A,RF,1_none,lab_indicators_only,5,0.1717311422096924,0.7540886204191074
A,RF,1_none,lab_indicators_only,6,0.17772348047018155,0.6996206552456982
A,RF,1_none,lab_indicators_only,7,0.15881621958816983,0.7185498061380722
A,RF,1_none,lab_indicators_only,8,0.17118208535579044,0.7376770956316412
A,RF,1_none,lab_indicators_only,9,0.18063704880536308,0.7202400006097188
A,RF,1_none,lab_indicators_only,10,0.16325830851066414,0.7252987911242469
A,RF,1_none,lab_indicators_only,11,0.16988633446909723,0.709007152705307
A,RF,1_none,lab_indicators_only,12,0.18928038239078807,0.7509426488623465
A,RF,1_none,lab_indicators_only,13,0.139198869042592,0.7053041655314384
A,RF,1_none,lab_indicators_only,14,0.13958408753079227,0.7080646759343943
A,RF,1_none,lab_indicators_only,15,0.16608161246470066,0.7134080850707272
A,RF,1_none,lab_indicators_only,16,0.17076249641090763,0.7298520707805514
A,RF,1_none,lab_indicators_only,17,0.15002207289182956,0.7189135352950586
A,RF,1_none,lab_indicators_only,18,0.14482124748925215,0.7274392274392275
A,RF,1_none,lab_indicators_only,19,0.18394841318372632,0.7282425614291811
A,RF,1_none,lab_indicators_only,20,0.18144047321309317,0.7163331530557059
A,RF,1_none,lab_indicators_only,21,0.16464250258575408,0.7292274468879256
A,RF,1_none,lab_indicators_only,22,0.14938478878135622,0.7195572025990449
A,RF,1_none,lab_indicators_only,23,0.1444244798420288,0.6927901643810733
A,RF,1_none,lab_indicators_only,24,0.20415931840006013,0.750461099932931
A,RF,5_SMOTENC,full,0,0.15129204982899436,0.7331903807920536
A,RF,5_SMOTENC,full,1,0.1335235676087168,0.7183955545060519
A,RF,5_SMOTENC,full,2,0.1816504499706762,0.7761961166675554
A,RF,5_SMOTENC,full,3,0.1416000096242411,0.7183592922229285
A,RF,5_SMOTENC,full,4,0.15396407632940556,0.7480355618559843
A,RF,5_SMOTENC,full,5,0.1606523517325247,0.7431158067931658
A,RF,5_SMOTENC,full,6,0.14112352315321192,0.7056288515299477
A,RF,5_SMOTENC,full,7,0.18476361051294962,0.7646386703128452
A,RF,5_SMOTENC,full,8,0.1596000402427264,0.7289074561801834
A,RF,5_SMOTENC,full,9,0.1487899323063448,0.7406141393817449
A,RF,5_SMOTENC,full,10,0.1331368582326387,0.7197552540771943
A,RF,5_SMOTENC,full,11,0.15050313021721023,0.7261614576588791
A,RF,5_SMOTENC,full,12,0.1853059869104264,0.7718675492653052
A,RF,5_SMOTENC,full,13,0.1460270625950655,0.7273786819241366
A,RF,5_SMOTENC,full,14,0.1669084545388431,0.7520235046643498
A,RF,5_SMOTENC,full,15,0.16475327588565358,0.7320306370401968
A,RF,5_SMOTENC,full,16,0.15397867665822632,0.7341692121359852
A,RF,5_SMOTENC,full,17,0.15603670464330754,0.7354146512389644
A,RF,5_SMOTENC,full,18,0.17042626726397253,0.7520188145188146
A,RF,5_SMOTENC,full,19,0.152051887454637,0.7310720382903482
A,RF,5_SMOTENC,full,20,0.15297916321184105,0.7407372847142345
A,RF,5_SMOTENC,full,21,0.12641166953177552,0.7172320020719232
A,RF,5_SMOTENC,full,22,0.14425319005522882,0.7281210246878785
A,RF,5_SMOTENC,full,23,0.16067731710439045,0.7313784700148337
A,RF,5_SMOTENC,full,24,0.1736759101714434,0.7522464331443204
A,RF,5_SMOTENC,lab_indicators_only,0,0.1537706510669256,0.724241881793737
A,RF,5_SMOTENC,lab_indicators_only,1,0.13047260517991727,0.7168644642326648
A,RF,5_SMOTENC,lab_indicators_only,2,0.1665310950949133,0.7470425582157084
A,RF,5_SMOTENC,lab_indicators_only,3,0.13599875307910078,0.7082235945872309
A,RF,5_SMOTENC,lab_indicators_only,4,0.15598523185808016,0.7352105054569842
A,RF,5_SMOTENC,lab_indicators_only,5,0.15578500422826058,0.7279020254572323
A,RF,5_SMOTENC,lab_indicators_only,6,0.14695106042078163,0.7140479436924413
A,RF,5_SMOTENC,lab_indicators_only,7,0.18451455279379447,0.7552331294418756
A,RF,5_SMOTENC,lab_indicators_only,8,0.15707296149161068,0.7370716404807314
A,RF,5_SMOTENC,lab_indicators_only,9,0.13245661879956344,0.7051685110663984
A,RF,5_SMOTENC,lab_indicators_only,10,0.12115948226255073,0.6886859284424774
A,RF,5_SMOTENC,lab_indicators_only,11,0.15864323966854266,0.7387110657454734
A,RF,5_SMOTENC,lab_indicators_only,12,0.17298358363126515,0.7466426465771372
A,RF,5_SMOTENC,lab_indicators_only,13,0.14203466539700846,0.7142100323918507
A,RF,5_SMOTENC,lab_indicators_only,14,0.15697188710075666,0.7386192152917505
A,RF,5_SMOTENC,lab_indicators_only,15,0.15865572826875166,0.7238210224026691
A,RF,5_SMOTENC,lab_indicators_only,16,0.14052291396383226,0.716447413523869
A,RF,5_SMOTENC,lab_indicators_only,17,0.1529068687991481,0.7305909551413403
A,RF,5_SMOTENC,lab_indicators_only,18,0.16827087037263763,0.7489650501014138
A,RF,5_SMOTENC,lab_indicators_only,19,0.15626894263181876,0.746751341381623
A,RF,5_SMOTENC,lab_indicators_only,20,0.14909303258109155,0.7350928175869713
A,RF,5_SMOTENC,lab_indicators_only,21,0.1307647161455566,0.7222823147647376
A,RF,5_SMOTENC,lab_indicators_only,22,0.130500941830216,0.7061773017771312
A,RF,5_SMOTENC,lab_indicators_only,23,0.155154423480865,0.7207697605424879
A,RF,5_SMOTENC,lab_indicators_only,24,0.16235126077580847,0.7370167977562345
A,xgboost,1_none,full,0,0.16433975647930343,0.7120217247236802
A,xgboost,1_none,full,1,0.18079060102059816,0.7447497314878998
A,xgboost,1_none,full,2,0.17239174096869883,0.7505998674578569
A,xgboost,1_none,full,3,0.16346795495156147,0.7229134501861775
A,xgboost,1_none,full,4,0.17322637045239897,0.7573604505822816
A,xgboost,1_none,full,5,0.1676895428097234,0.736854333137821
A,xgboost,1_none,full,6,0.17418279082604746,0.7172700888946443
A,xgboost,1_none,full,7,0.20073342326795315,0.75850288317248
A,xgboost,1_none,full,8,0.17816588494925373,0.7239919171737355
A,xgboost,1_none,full,9,0.19357036667642677,0.7697434607645877
A,xgboost,1_none,full,10,0.18440638352770483,0.7246170369975397
A,xgboost,1_none,full,11,0.1770758639623413,0.7281134073233342
A,xgboost,1_none,full,12,0.21478089235359643,0.7503218336519931
A,xgboost,1_none,full,13,0.16489059296625916,0.7461288711288712
A,xgboost,1_none,full,14,0.15246622377503943,0.7179897567221512
A,xgboost,1_none,full,15,0.2025895837916943,0.7378293557994805
A,xgboost,1_none,full,16,0.20784758038499318,0.7343291767914136
A,xgboost,1_none,full,17,0.1497674671669875,0.7047052460789616
A,xgboost,1_none,full,18,0.22179291552098904,0.7741917173735355
A,xgboost,1_none,full,19,0.19247034430019436,0.735793549173831
A,xgboost,1_none,full,20,0.19154325018743157,0.7428682424454787
A,xgboost,1_none,full,21,0.19658897636166153,0.7394632804942147
A,xgboost,1_none,full,22,0.15363815964158653,0.7281172160056064
A,xgboost,1_none,full,23,0.16421055486828456,0.722149063058154
A,xgboost,1_none,full,24,0.18138865290116196,0.7295172550454241
A,xgboost,1_none,lab_indicators_only,0,0.16188454717495593,0.6980667128786783
A,xgboost,1_none,lab_indicators_only,1,0.17165733977322606,0.7106391730589051
A,xgboost,1_none,lab_indicators_only,2,0.1724350970631049,0.7363363523488144
A,xgboost,1_none,lab_indicators_only,3,0.16584612771088392,0.7166507734689554
A,xgboost,1_none,lab_indicators_only,4,0.16897510885205586,0.7420088714102798
A,xgboost,1_none,lab_indicators_only,5,0.1923862344485333,0.736606768790134
A,xgboost,1_none,lab_indicators_only,6,0.17144054523206556,0.722891703928275
A,xgboost,1_none,lab_indicators_only,7,0.19940342810724948,0.7339902040691962
A,xgboost,1_none,lab_indicators_only,8,0.17381367799121247,0.6995920745920745
A,xgboost,1_none,lab_indicators_only,9,0.18307458533578566,0.7459606121577953
A,xgboost,1_none,lab_indicators_only,10,0.1623775379071529,0.6970231339361208
A,xgboost,1_none,lab_indicators_only,11,0.18163603312800258,0.7222899321292819
A,xgboost,1_none,lab_indicators_only,12,0.20223638806533853,0.7588266211656092
A,xgboost,1_none,lab_indicators_only,13,0.16044718222312604,0.719742378833288
A,xgboost,1_none,lab_indicators_only,14,0.17344598906746486,0.698021462105969
A,xgboost,1_none,lab_indicators_only,15,0.1690292941763504,0.7369571675591678
A,xgboost,1_none,lab_indicators_only,16,0.193954376393955,0.7116256217673809
A,xgboost,1_none,lab_indicators_only,17,0.16077696696597688,0.7193267773215822
A,xgboost,1_none,lab_indicators_only,18,0.18413359258054984,0.748104168558714
A,xgboost,1_none,lab_indicators_only,19,0.1627810897363059,0.7326192000487776
A,xgboost,1_none,lab_indicators_only,20,0.17925740843504429,0.7194105683315686
A,xgboost,1_none,lab_indicators_only,21,0.18907846539846507,0.7249331576261245
A,xgboost,1_none,lab_indicators_only,22,0.1550569524678133,0.7081673382643073
A,xgboost,1_none,lab_indicators_only,23,0.1648426940789241,0.723291859655496
A,xgboost,1_none,lab_indicators_only,24,0.15913273765495417,0.7311482531552954
A,xgboost,5_SMOTENC,full,0,0.1404411960458075,0.6998739326167933
A,xgboost,5_SMOTENC,full,1,0.14112655124470336,0.7195781503515415
A,xgboost,5_SMOTENC,full,2,0.1789759133544469,0.7572879135276778
A,xgboost,5_SMOTENC,full,3,0.15458756046423455,0.7130634516998152
A,xgboost,5_SMOTENC,full,4,0.15069170309233446,0.728591244436315
A,xgboost,5_SMOTENC,full,5,0.15943735511466509,0.729735905971252
A,xgboost,5_SMOTENC,full,6,0.16104169671372395,0.7282276677914974
A,xgboost,5_SMOTENC,full,7,0.20611286951922564,0.7552921640170934
A,xgboost,5_SMOTENC,full,8,0.1579321187644181,0.7170291829382739
A,xgboost,5_SMOTENC,full,9,0.1487360219576758,0.7269907322724225
A,xgboost,5_SMOTENC,full,10,0.14537591022886132,0.695046427836897
A,xgboost,5_SMOTENC,full,11,0.16847530316237283,0.726723238294015
A,xgboost,5_SMOTENC,full,12,0.19198284042954974,0.7607842838534724
A,xgboost,5_SMOTENC,full,13,0.1737630849246021,0.7281695577150123
A,xgboost,5_SMOTENC,full,14,0.14497484533356134,0.6969620754832022
A,xgboost,5_SMOTENC,full,15,0.1767511013608085,0.7092147258891369
A,xgboost,5_SMOTENC,full,16,0.18394506738749022,0.7026352272640711
A,xgboost,5_SMOTENC,full,17,0.1596555333697223,0.7312327181041903
A,xgboost,5_SMOTENC,full,18,0.16366036453538998,0.7270456815911361
A,xgboost,5_SMOTENC,full,19,0.14855114538703776,0.715897658679349
A,xgboost,5_SMOTENC,full,20,0.1601183248347382,0.7206979029395411
A,xgboost,5_SMOTENC,full,21,0.17421793545275802,0.7241599951248867
A,xgboost,5_SMOTENC,full,22,0.17204827155704006,0.7188735441312015
A,xgboost,5_SMOTENC,full,23,0.1821704722465503,0.7235151212423938
A,xgboost,5_SMOTENC,full,24,0.16636724182786405,0.7309920126821535
A,xgboost,5_SMOTENC,lab_indicators_only,0,0.13161592736825323,0.692460332574136
A,xgboost,5_SMOTENC,lab_indicators_only,1,0.1291393891767124,0.7054250870283899
A,xgboost,5_SMOTENC,lab_indicators_only,2,0.16953061521245338,0.7379702770435486
A,xgboost,5_SMOTENC,lab_indicators_only,3,0.14690826394380685,0.70253231616868
A,xgboost,5_SMOTENC,lab_indicators_only,4,0.1443256949666327,0.7115800865800866
A,xgboost,5_SMOTENC,lab_indicators_only,5,0.15883624824369627,0.7179175648809024
A,xgboost,5_SMOTENC,lab_indicators_only,6,0.15097774001155545,0.7139260658597337
A,xgboost,5_SMOTENC,lab_indicators_only,7,0.18175153128230032,0.7559396400033517
A,xgboost,5_SMOTENC,lab_indicators_only,8,0.16695557968432045,0.7055293191656828
A,xgboost,5_SMOTENC,lab_indicators_only,9,0.1395895767429523,0.7096289860374366
A,xgboost,5_SMOTENC,lab_indicators_only,10,0.14007026879431378,0.6729789227523062
A,xgboost,5_SMOTENC,lab_indicators_only,11,0.1767650530380718,0.7473282093861165
A,xgboost,5_SMOTENC,lab_indicators_only,12,0.15792834791771426,0.733133250557972
A,xgboost,5_SMOTENC,lab_indicators_only,13,0.12997919894460103,0.6975902884993793
A,xgboost,5_SMOTENC,lab_indicators_only,14,0.1495640963175014,0.7124108286080116
A,xgboost,5_SMOTENC,lab_indicators_only,15,0.1348764715493317,0.6858865469724784
A,xgboost,5_SMOTENC,lab_indicators_only,16,0.1673344184041362,0.691470075183388
A,xgboost,5_SMOTENC,lab_indicators_only,17,0.14735433475616838,0.7277211130493071
A,xgboost,5_SMOTENC,lab_indicators_only,18,0.16154004323770843,0.7199921290830383
A,xgboost,5_SMOTENC,lab_indicators_only,19,0.16079469466252366,0.7486205109444547
A,xgboost,5_SMOTENC,lab_indicators_only,20,0.1408495878219494,0.6987256149117529
A,xgboost,5_SMOTENC,lab_indicators_only,21,0.14931683095147327,0.7140974565619786
A,xgboost,5_SMOTENC,lab_indicators_only,22,0.1437735492888867,0.7065372222518452
A,xgboost,5_SMOTENC,lab_indicators_only,23,0.15954077269318792,0.7098507553053008
A,xgboost,5_SMOTENC,lab_indicators_only,24,0.15000309954912255,0.7150935918541552
A,lightgbm,1_none,full,0,0.17195284073103873,0.7127072875326596
A,lightgbm,1_none,full,1,0.1707657142128072,0.7289970216104632
A,lightgbm,1_none,full,2,0.1627633451260414,0.7309204061578775
A,lightgbm,1_none,full,3,0.16137782360640693,0.7003261889625525
A,lightgbm,1_none,full,4,0.1639569242092268,0.7372073349186025
A,lightgbm,1_none,full,5,0.16721973576234464,0.7348166881222437
A,lightgbm,1_none,full,6,0.1759664025847009,0.722579391981962
A,lightgbm,1_none,full,7,0.20603196936483814,0.7507255539728365
A,lightgbm,1_none,full,8,0.16145594626768223,0.7025285320739865
A,lightgbm,1_none,full,9,0.16511132444934662,0.7319142125480154
A,lightgbm,1_none,full,10,0.1815986148453674,0.7255196946960291
A,lightgbm,1_none,full,11,0.16057950525701437,0.7153162348890532
A,lightgbm,1_none,full,12,0.2003729048192983,0.7343672636141347
A,lightgbm,1_none,full,13,0.15517509666481774,0.7257061120697484
A,lightgbm,1_none,full,14,0.18438500028562538,0.7141027986098408
A,lightgbm,1_none,full,15,0.1710940539297145,0.7422321925060368
A,lightgbm,1_none,full,16,0.17600371565574668,0.7175138445600591
A,lightgbm,1_none,full,17,0.16262843894731788,0.7198295233815004
A,lightgbm,1_none,full,18,0.20467572990353813,0.7444184603275511
A,lightgbm,1_none,full,19,0.20910257970331259,0.7413419913419912
A,lightgbm,1_none,full,20,0.1792175838887433,0.7286313881123408
A,lightgbm,1_none,full,21,0.19548581411819843,0.7298882532621364
A,lightgbm,1_none,full,22,0.15705147849226606,0.7096870024908783
A,lightgbm,1_none,full,23,0.1892282722910353,0.7272954318408864
A,lightgbm,1_none,full,24,0.18245171515887162,0.7250663069325042
A,lightgbm,1_none,lab_indicators_only,0,0.14577597289478122,0.678002574669216
A,lightgbm,1_none,lab_indicators_only,1,0.17112597983083194,0.7118579513859794
A,lightgbm,1_none,lab_indicators_only,2,0.18779410007005157,0.7163331530557058
A,lightgbm,1_none,lab_indicators_only,3,0.1573602237910794,0.7064602064602065
A,lightgbm,1_none,lab_indicators_only,4,0.1471603982699088,0.7190453326016707
A,lightgbm,1_none,lab_indicators_only,5,0.17343458721419677,0.7009422679941194
A,lightgbm,1_none,lab_indicators_only,6,0.16059908482993676,0.7037606928754788
A,lightgbm,1_none,lab_indicators_only,7,0.1683926072389247,0.7190754042916232
A,lightgbm,1_none,lab_indicators_only,8,0.16232798859608455,0.6968107649925832
A,lightgbm,1_none,lab_indicators_only,9,0.17826963240583651,0.7127880921895007
A,lightgbm,1_none,lab_indicators_only,10,0.14686529035455947,0.6717639531075038
A,lightgbm,1_none,lab_indicators_only,11,0.1725718326593555,0.7072837239771784
A,lightgbm,1_none,lab_indicators_only,12,0.17823690732581518,0.7042025000190435
A,lightgbm,1_none,lab_indicators_only,13,0.15486133947002634,0.7009089395453032
A,lightgbm,1_none,lab_indicators_only,14,0.15943757531563857,0.7012682153527224
A,lightgbm,1_none,lab_indicators_only,15,0.17749929030042377,0.7246170369975397
A,lightgbm,1_none,lab_indicators_only,16,0.17100592257814043,0.688880171238355
A,lightgbm,1_none,lab_indicators_only,17,0.15691667259587957,0.7030675127019553
A,lightgbm,1_none,lab_indicators_only,18,0.1975547221336508,0.7337965065237793
A,lightgbm,1_none,lab_indicators_only,19,0.18033795261856758,0.7276880982866898
A,lightgbm,1_none,lab_indicators_only,20,0.17087927791219495,0.710067870718089
A,lightgbm,1_none,lab_indicators_only,21,0.18708424580006638,0.6944636994492647
A,lightgbm,1_none,lab_indicators_only,22,0.15755550501709992,0.6946274727869651
A,lightgbm,1_none,lab_indicators_only,23,0.1756774967233419,0.7296642751188206
A,lightgbm,1_none,lab_indicators_only,24,0.18087665765812685,0.7179554600329249
A,lightgbm,5_SMOTENC,full,0,0.1417859450127619,0.6927269403331835
A,lightgbm,5_SMOTENC,full,1,0.15112216345860618,0.7302462693957144
A,lightgbm,5_SMOTENC,full,2,0.1648212955065799,0.7375817914517936
A,lightgbm,5_SMOTENC,full,3,0.14563355637116474,0.6974881179426634
A,lightgbm,5_SMOTENC,full,4,0.14835032440703722,0.7131196268520212
A,lightgbm,5_SMOTENC,full,5,0.16321553526152663,0.7241752298539752
A,lightgbm,5_SMOTENC,full,6,0.1509076194644436,0.7070552030408519
A,lightgbm,5_SMOTENC,full,7,0.18294977371699417,0.7576802078017048
A,lightgbm,5_SMOTENC,full,8,0.1464578716954637,0.6977832773287319
A,lightgbm,5_SMOTENC,full,9,0.15492881868374425,0.7213736967258094
A,lightgbm,5_SMOTENC,full,10,0.1457001193296002,0.6860427029456349
A,lightgbm,5_SMOTENC,full,11,0.17767837115123578,0.7322115494481218
A,lightgbm,5_SMOTENC,full,12,0.17408181145912896,0.7443879066720496
A,lightgbm,5_SMOTENC,full,13,0.16035318015880431,0.7196591287500378
A,lightgbm,5_SMOTENC,full,14,0.1546001073989996,0.694713736967258
A,lightgbm,5_SMOTENC,full,15,0.16613393491548195,0.7183669893890112
A,lightgbm,5_SMOTENC,full,16,0.19509430487287996,0.7175252706068755
A,lightgbm,5_SMOTENC,full,17,0.15486247517003188,0.7236039275131589
A,lightgbm,5_SMOTENC,full,18,0.1870858647330887,0.7162193866739321
A,lightgbm,5_SMOTENC,full,19,0.14882433630905859,0.7058525394792999
A,lightgbm,5_SMOTENC,full,20,0.15804886076075852,0.7096870024908782
A,lightgbm,5_SMOTENC,full,21,0.162003818269276,0.7150496271300055
A,lightgbm,5_SMOTENC,full,22,0.1597738476107675,0.7117360735532721
A,lightgbm,5_SMOTENC,full,23,0.17800679346385107,0.7115838706747798
A,lightgbm,5_SMOTENC,full,24,0.1665107448347308,0.7121097798914701
A,lightgbm,5_SMOTENC,lab_indicators_only,0,0.14524407155010752,0.6823635158707789
A,lightgbm,5_SMOTENC,lab_indicators_only,1,0.139248028658217,0.7083463463310965
A,lightgbm,5_SMOTENC,lab_indicators_only,2,0.18056762226379708,0.7547589484989983
A,lightgbm,5_SMOTENC,lab_indicators_only,3,0.14589625340932608,0.700802984893894
A,lightgbm,5_SMOTENC,lab_indicators_only,4,0.13514730065928698,0.703848088531187
A,lightgbm,5_SMOTENC,lab_indicators_only,5,0.14549955535926654,0.7041491784672339
A,lightgbm,5_SMOTENC,lab_indicators_only,6,0.13999071258930862,0.7011974497063505
A,lightgbm,5_SMOTENC,lab_indicators_only,7,0.19331707340656792,0.7436033181239954
A,lightgbm,5_SMOTENC,lab_indicators_only,8,0.156821397605937,0.6981919595555959
A,lightgbm,5_SMOTENC,lab_indicators_only,9,0.15140714990178586,0.7082799829278702
A,lightgbm,5_SMOTENC,lab_indicators_only,10,0.1380309073479087,0.654304953572163
A,lightgbm,5_SMOTENC,lab_indicators_only,11,0.15452770743957012,0.7187326228871336
A,lightgbm,5_SMOTENC,lab_indicators_only,12,0.16989270946720608,0.7383092497657661
A,lightgbm,5_SMOTENC,lab_indicators_only,13,0.13402178616777546,0.6815343747161928
A,lightgbm,5_SMOTENC,lab_indicators_only,14,0.14739243516206968,0.6966838912261447
A,lightgbm,5_SMOTENC,lab_indicators_only,15,0.15941729155550513,0.7132405030507546
A,lightgbm,5_SMOTENC,lab_indicators_only,16,0.18406940943443145,0.6979600697750593
A,lightgbm,5_SMOTENC,lab_indicators_only,17,0.14547713724019026,0.7185612321848887
A,lightgbm,5_SMOTENC,lab_indicators_only,18,0.16918656979440538,0.7231518481518481
A,lightgbm,5_SMOTENC,lab_indicators_only,19,0.1558275399484389,0.7017521797451376
A,lightgbm,5_SMOTENC,lab_indicators_only,20,0.1381633193624117,0.685623747895703
A,lightgbm,5_SMOTENC,lab_indicators_only,21,0.1472677936801332,0.7040311093167986
A,lightgbm,5_SMOTENC,lab_indicators_only,22,0.13899607057385477,0.6906740605885175
A,lightgbm,5_SMOTENC,lab_indicators_only,23,0.18540035458113102,0.7052341597796142
A,lightgbm,5_SMOTENC,lab_indicators_only,24,0.1519189839106618,0.7041643802207181
B,RF,1_none,full,0,0.2815821920822737,0.800397523550765
B,RF,1_none,full,1,0.17356236603389938,0.7083268378504777
B,RF,1_none,full,2,0.22506896578304827,0.7564193929136138
B,RF,1_none,full,3,0.19842289445675654,0.73859081097749
B,RF,1_none,full,4,0.1938029771356749,0.7206569107140867
B,RF,1_none,full,5,0.19775741352232332,0.7303298220608867
B,RF,1_none,full,6,0.196388599879521,0.7317384139144377
B,RF,1_none,full,7,0.2246214202370025,0.7709952564416632
B,RF,1_none,full,8,0.27108881432597093,0.7893650059468746
B,RF,1_none,full,9,0.213743002385222,0.7046632413093632
B,RF,1_none,full,10,0.2287229995280905,0.8018840611985836
B,RF,1_none,full,11,0.1688901442394838,0.7225352426341225
B,RF,1_none,full,12,0.24726171594257795,0.7482072467318442
B,RF,1_none,full,13,0.1771837457091879,0.7074688339720716
B,RF,1_none,full,14,0.23274426303014778,0.7589414085574491
B,RF,1_none,full,15,0.20571581145370865,0.7584348484511058
B,RF,1_none,full,16,0.20419417927421427,0.7281529073781262
B,RF,1_none,full,17,0.17317378389878746,0.7414760706411597
B,RF,1_none,full,18,0.20720643858229315,0.7038346328355579
B,RF,1_none,full,19,0.2635128873947475,0.7607804019036367
B,RF,1_none,full,20,0.18180533406668628,0.7543148564683875
B,RF,1_none,full,21,0.23499984032259036,0.7748535732579115
B,RF,1_none,full,22,0.22621072699509598,0.7206200031178318
B,RF,1_none,full,23,0.2759784772134461,0.7267245936302364
B,RF,1_none,full,24,0.17568307677134687,0.7487879362036489
B,RF,1_none,lab_indicators_only,0,0.298819181813339,0.8016112509186469
B,RF,1_none,lab_indicators_only,1,0.16102076745085261,0.6959501592321227
B,RF,1_none,lab_indicators_only,2,0.2167975926031727,0.7540420461884506
B,RF,1_none,lab_indicators_only,3,0.198508682024431,0.718944099378882
B,RF,1_none,lab_indicators_only,4,0.19692738192717857,0.6887698806326137
B,RF,1_none,lab_indicators_only,5,0.20832293632686164,0.7337594370086632
B,RF,1_none,lab_indicators_only,6,0.1769466503461695,0.7445994699685989
B,RF,1_none,lab_indicators_only,7,0.24626352552657021,0.7822305859296705
B,RF,1_none,lab_indicators_only,8,0.26532875168979597,0.7765461873926259
B,RF,1_none,lab_indicators_only,9,0.18894864793226102,0.6926930664378143
B,RF,1_none,lab_indicators_only,10,0.26220508361558215,0.811254259180901
B,RF,1_none,lab_indicators_only,11,0.1565556731824993,0.6967964278555999
B,RF,1_none,lab_indicators_only,12,0.23713170145156223,0.7447275237734673
B,RF,1_none,lab_indicators_only,13,0.19074056116973562,0.7075569358178054
B,RF,1_none,lab_indicators_only,14,0.24169220750155704,0.7723604872775096
B,RF,1_none,lab_indicators_only,15,0.20890584933716633,0.7683228292096298
B,RF,1_none,lab_indicators_only,16,0.19018024308074655,0.7363706211166292
B,RF,1_none,lab_indicators_only,17,0.1773715530087539,0.7316103601095695
B,RF,1_none,lab_indicators_only,18,0.18061368572881253,0.6907074578212414
B,RF,1_none,lab_indicators_only,19,0.2355908522534972,0.759465243025757
B,RF,1_none,lab_indicators_only,20,0.17369382327767496,0.7469879518072289
B,RF,1_none,lab_indicators_only,21,0.23810237371235107,0.773812440148765
B,RF,1_none,lab_indicators_only,22,0.2112172030662936,0.7233648085873995
B,RF,1_none,lab_indicators_only,23,0.26614034548954024,0.7376492225012115
B,RF,1_none,lab_indicators_only,24,0.1750119421221204,0.7321924144310824
B,RF,5_SMOTENC,full,0,0.178712652602678,0.7681112620537603
B,RF,5_SMOTENC,full,1,0.1360071825284241,0.6914627085049997
B,RF,5_SMOTENC,full,2,0.1556195560902666,0.710152996459034
B,RF,5_SMOTENC,full,3,0.16144976206310113,0.7371371305228844
B,RF,5_SMOTENC,full,4,0.1410976932740722,0.6749885759504254
B,RF,5_SMOTENC,full,5,0.16631268745946468,0.7383526713137207
B,RF,5_SMOTENC,full,6,0.12797065293168497,0.6652506514041379
B,RF,5_SMOTENC,full,7,0.1603957941376954,0.7288377168563348
B,RF,5_SMOTENC,full,8,0.1681979305533821,0.7521860270472667
B,RF,5_SMOTENC,full,9,0.1251612893594961,0.6573788214839005
B,RF,5_SMOTENC,full,10,0.1721789880183973,0.7600995479143933
B,RF,5_SMOTENC,full,11,0.14108065396293726,0.6877268779368861
B,RF,5_SMOTENC,full,12,0.15770485343798488,0.7238714562501392
B,RF,5_SMOTENC,full,13,0.14338728665536832,0.6699539667856041
B,RF,5_SMOTENC,full,14,0.15023842392965658,0.7215708346800709
B,RF,5_SMOTENC,full,15,0.16123925730361882,0.7227412422332584
B,RF,5_SMOTENC,full,16,0.14444330723222246,0.676096251920807
B,RF,5_SMOTENC,full,17,0.16886702037644047,0.7289323653208026
B,RF,5_SMOTENC,full,18,0.1573376924941371,0.7075899740099555
B,RF,5_SMOTENC,full,19,0.1804279101177491,0.7106260379166992
B,RF,5_SMOTENC,full,20,0.17841250789861793,0.7383471037569873
B,RF,5_SMOTENC,full,21,0.14368185100834466,0.7002761508139768
B,RF,5_SMOTENC,full,22,0.15624542584406634,0.7125915863082645
B,RF,5_SMOTENC,full,23,0.13279478580753862,0.6891546627901854
B,RF,5_SMOTENC,full,24,0.15160625406498152,0.7108210826655373
B,RF,5_SMOTENC,lab_indicators_only,0,0.14731439910187252,0.7309255506313609
B,RF,5_SMOTENC,lab_indicators_only,1,0.14823289269324913,0.6799434336235887
B,RF,5_SMOTENC,lab_indicators_only,2,0.16548678431493008,0.6892134155847047
B,RF,5_SMOTENC,lab_indicators_only,3,0.1971049287235025,0.7480782784899344
B,RF,5_SMOTENC,lab_indicators_only,4,0.13307708276467783,0.6656431461275258
B,RF,5_SMOTENC,lab_indicators_only,5,0.15990789629892047,0.7233425383604659
B,RF,5_SMOTENC,lab_indicators_only,6,0.13011288015392997,0.6564093713114937
B,RF,5_SMOTENC,lab_indicators_only,7,0.17358052582174327,0.7282308531723938
B,RF,5_SMOTENC,lab_indicators_only,8,0.17600426068508185,0.7608750715827496
B,RF,5_SMOTENC,lab_indicators_only,9,0.11302822383101524,0.6473981030504999
B,RF,5_SMOTENC,lab_indicators_only,10,0.16307939757777537,0.7491147584793889
B,RF,5_SMOTENC,lab_indicators_only,11,0.1387387751139217,0.658636394004855
B,RF,5_SMOTENC,lab_indicators_only,12,0.17526857391323625,0.7190889250161459
B,RF,5_SMOTENC,lab_indicators_only,13,0.13300802188106292,0.6425763182238668
B,RF,5_SMOTENC,lab_indicators_only,14,0.1662596914445143,0.7267590249991641
B,RF,5_SMOTENC,lab_indicators_only,15,0.16001634014795826,0.7062557067456517
B,RF,5_SMOTENC,lab_indicators_only,16,0.13837878531910597,0.6807785671335991
B,RF,5_SMOTENC,lab_indicators_only,17,0.15610361632409347,0.7128699641449346
B,RF,5_SMOTENC,lab_indicators_only,18,0.1629493846574924,0.7025571560724198
B,RF,5_SMOTENC,lab_indicators_only,19,0.17550493633818967,0.6999765946301395
B,RF,5_SMOTENC,lab_indicators_only,20,0.156586053845311,0.6943132975525019
B,RF,5_SMOTENC,lab_indicators_only,21,0.16899552035094506,0.7081264058080751
B,RF,5_SMOTENC,lab_indicators_only,22,0.12897890950017019,0.6866356368171392
B,RF,5_SMOTENC,lab_indicators_only,23,0.13352317055653673,0.6975683890577509
B,RF,5_SMOTENC,lab_indicators_only,24,0.14558937195956173,0.7073548588433288
B,xgboost,1_none,full,0,0.20759708177478903,0.749916486648999
B,xgboost,1_none,full,1,0.1595745806491482,0.6718927465870878
B,xgboost,1_none,full,2,0.20799561132050842,0.7279135024385899
B,xgboost,1_none,full,3,0.16844419049356482,0.7238888154706842
B,xgboost,1_none,full,4,0.18058927708426237,0.6875160215329403
B,xgboost,1_none,full,5,0.2305360195755846,0.7406854775850166
B,xgboost,1_none,full,6,0.19023872050544735,0.6779947887668977
B,xgboost,1_none,full,7,0.20452565651056107,0.7511079437899473
B,xgboost,1_none,full,8,0.23454920161374215,0.7765516937579842
B,xgboost,1_none,full,9,0.1533256394365045,0.6626728932380772
B,xgboost,1_none,full,10,0.23824103307517164,0.7688127742021692
B,xgboost,1_none,full,11,0.15125710957939223,0.6863795292074026
B,xgboost,1_none,full,12,0.21048141826762165,0.7080818653542079
B,xgboost,1_none,full,13,0.167107646419144,0.7156072419717192
B,xgboost,1_none,full,14,0.21612341118394002,0.7132396375511296
B,xgboost,1_none,full,15,0.23903391631121637,0.766062401175868
B,xgboost,1_none,full,16,0.2193227536943651,0.7374897000200432
B,xgboost,1_none,full,17,0.16011872260351176,0.6991515043538293
B,xgboost,1_none,full,18,0.15859982422403482,0.7036364036826571
B,xgboost,1_none,full,19,0.2208889552348809,0.7150451946546593
B,xgboost,1_none,full,20,0.18522579411559162,0.7347838674476092
B,xgboost,1_none,full,21,0.219248183955554,0.7485134623521814
B,xgboost,1_none,full,22,0.1948540821112859,0.6953655657751151
B,xgboost,1_none,full,23,0.2006905293943145,0.6973921853662833
B,xgboost,1_none,full,24,0.18271493386606857,0.7192470158153427
B,xgboost,1_none,lab_indicators_only,0,0.18528528504204425,0.744504821504131
B,xgboost,1_none,lab_indicators_only,1,0.12977808839117208,0.6523060819989756
B,xgboost,1_none,lab_indicators_only,2,0.2153378796242507,0.7367881878716344
B,xgboost,1_none,lab_indicators_only,3,0.17039015347304218,0.7413329809259505
B,xgboost,1_none,lab_indicators_only,4,0.177525157872667,0.6844064509657501
B,xgboost,1_none,lab_indicators_only,5,0.23992817235979602,0.739171102153531
B,xgboost,1_none,lab_indicators_only,6,0.18055157747824732,0.6589203393982584
B,xgboost,1_none,lab_indicators_only,7,0.2068043520314201,0.7548493419147941
B,xgboost,1_none,lab_indicators_only,8,0.21692759391926544,0.7537112902515307
B,xgboost,1_none,lab_indicators_only,9,0.1503093899449632,0.6673205309675334
B,xgboost,1_none,lab_indicators_only,10,0.2404654959285753,0.7860944703026523
B,xgboost,1_none,lab_indicators_only,11,0.1426712188320713,0.6786963009153063
B,xgboost,1_none,lab_indicators_only,12,0.1861102755000124,0.6917689241253369
B,xgboost,1_none,lab_indicators_only,13,0.18268687176715226,0.7049138804457954
B,xgboost,1_none,lab_indicators_only,14,0.1934564287340444,0.7149003042698082
B,xgboost,1_none,lab_indicators_only,15,0.24036812804060134,0.7490924882524553
B,xgboost,1_none,lab_indicators_only,16,0.2419498126107118,0.7439814711711912
B,xgboost,1_none,lab_indicators_only,17,0.16051951220495048,0.676992628554885
B,xgboost,1_none,lab_indicators_only,18,0.14128366215807694,0.6908506233205585
B,xgboost,1_none,lab_indicators_only,19,0.23547129895521254,0.7209968458477759
B,xgboost,1_none,lab_indicators_only,20,0.18311107218434364,0.7484466516713807
B,xgboost,1_none,lab_indicators_only,21,0.18327046243666623,0.7291495000334053
B,xgboost,1_none,lab_indicators_only,22,0.1853493629602892,0.7086052156871478
B,xgboost,1_none,lab_indicators_only,23,0.20148288997044464,0.7109818950707016
B,xgboost,1_none,lab_indicators_only,24,0.1814517243678903,0.7277398214504641
B,xgboost,5_SMOTENC,full,0,0.18292383443669327,0.7144177449168206
B,xgboost,5_SMOTENC,full,1,0.1463162462232644,0.6806894862258647
B,xgboost,5_SMOTENC,full,2,0.1967029107991702,0.6997193951406364
B,xgboost,5_SMOTENC,full,3,0.17626974222031272,0.7223580459010617
B,xgboost,5_SMOTENC,full,4,0.12911283977779092,0.6131092362047637
B,xgboost,5_SMOTENC,full,5,0.21649688293470834,0.7418212591586308
B,xgboost,5_SMOTENC,full,6,0.15246211564868395,0.6386878382290716
B,xgboost,5_SMOTENC,full,7,0.19455832154239472,0.7416319622296952
B,xgboost,5_SMOTENC,full,8,0.2090052678267335,0.7212017091758073
B,xgboost,5_SMOTENC,full,9,0.14680552898949495,0.6312874067964737
B,xgboost,5_SMOTENC,full,10,0.23465856328048143,0.7568870676792196
B,xgboost,5_SMOTENC,full,11,0.1434146737497631,0.6487428456895975
B,xgboost,5_SMOTENC,full,12,0.1693153262989728,0.6857670979667283
B,xgboost,5_SMOTENC,full,13,0.15988972328693174,0.6688361746178583
B,xgboost,5_SMOTENC,full,14,0.18778734223878674,0.6975803305729857
B,xgboost,5_SMOTENC,full,15,0.21398334971931832,0.7296171747990112
B,xgboost,5_SMOTENC,full,16,0.1689176786681333,0.6860009353495311
B,xgboost,5_SMOTENC,full,17,0.14600500652070156,0.6546221856000712
B,xgboost,5_SMOTENC,full,18,0.16250221016102723,0.7074137703184882
B,xgboost,5_SMOTENC,full,19,0.22890736489933317,0.6733724908886238
B,xgboost,5_SMOTENC,full,20,0.16014641923535355,0.6978598311916798
B,xgboost,5_SMOTENC,full,21,0.18424362828974572,0.7110438055363784
B,xgboost,5_SMOTENC,full,22,0.16423348162796506,0.6918914103734717
B,xgboost,5_SMOTENC,full,23,0.14603483753105823,0.6605435883881767
B,xgboost,5_SMOTENC,full,24,0.1644142826684144,0.6955630105992889
B,xgboost,5_SMOTENC,lab_indicators_only,0,0.18019138617626906,0.7120014252945237
B,xgboost,5_SMOTENC,lab_indicators_only,1,0.1468099519254462,0.659354608823464
B,xgboost,5_SMOTENC,lab_indicators_only,2,0.17442999842120044,0.6986281540208895
B,xgboost,5_SMOTENC,lab_indicators_only,3,0.18933963812302618,0.7190432139553323
B,xgboost,5_SMOTENC,lab_indicators_only,4,0.12820947897178053,0.6167314958260425
B,xgboost,5_SMOTENC,lab_indicators_only,5,0.2166162025321368,0.7282030153887269
B,xgboost,5_SMOTENC,lab_indicators_only,6,0.1644981201057171,0.6328753089993987
B,xgboost,5_SMOTENC,lab_indicators_only,7,0.1700974079167373,0.7058214373204461
B,xgboost,5_SMOTENC,lab_indicators_only,8,0.19969991643648,0.7330844456191357
B,xgboost,5_SMOTENC,lab_indicators_only,9,0.146247492822845,0.6383758902399608
B,xgboost,5_SMOTENC,lab_indicators_only,10,0.18883864601749703,0.7298621472952809
B,xgboost,5_SMOTENC,lab_indicators_only,11,0.14637432344995677,0.6411598334187025
B,xgboost,5_SMOTENC,lab_indicators_only,12,0.16214048157619285,0.66968799412066
B,xgboost,5_SMOTENC,lab_indicators_only,13,0.13969629825038737,0.6609620721554116
B,xgboost,5_SMOTENC,lab_indicators_only,14,0.17775277090603198,0.6727594931065612
B,xgboost,5_SMOTENC,lab_indicators_only,15,0.1982161855337899,0.7073803532057992
B,xgboost,5_SMOTENC,lab_indicators_only,16,0.16225364204845746,0.680901053381734
B,xgboost,5_SMOTENC,lab_indicators_only,17,0.14031204718495843,0.6738747967841792
B,xgboost,5_SMOTENC,lab_indicators_only,18,0.14035141391463796,0.6866107219946258
B,xgboost,5_SMOTENC,lab_indicators_only,19,0.2311381942446586,0.6678666562642801
B,xgboost,5_SMOTENC,lab_indicators_only,20,0.1510983714928647,0.6872926085116808
B,xgboost,5_SMOTENC,lab_indicators_only,21,0.16524516611341666,0.7037057657617531
B,xgboost,5_SMOTENC,lab_indicators_only,22,0.15633051530012532,0.6887067679219651
B,xgboost,5_SMOTENC,lab_indicators_only,23,0.14735113852165027,0.6698383331130788
B,xgboost,5_SMOTENC,lab_indicators_only,24,0.20825486408959215,0.7055604471540186
B,lightgbm,1_none,full,0,0.21193971842599418,0.7460303320490835
B,lightgbm,1_none,full,1,0.1428648631329857,0.6522615415451085
B,lightgbm,1_none,full,2,0.20035031413901125,0.7058103022069794
B,lightgbm,1_none,full,3,0.18585882526306596,0.7165763622747897
B,lightgbm,1_none,full,4,0.14637957154837922,0.6519398593448725
B,lightgbm,1_none,full,5,0.21519751112870472,0.735207001759348
B,lightgbm,1_none,full,6,0.16793064812084713,0.6401799434336236
B,lightgbm,1_none,full,7,0.21515918412144153,0.7433133643631828
B,lightgbm,1_none,full,8,0.22950972098892655,0.7328311528126514
B,lightgbm,1_none,full,9,0.17517457352991586,0.6939692163659261
B,lightgbm,1_none,full,10,0.2737902981457286,0.7949691557356969
B,lightgbm,1_none,full,11,0.13967361908822148,0.6851101262721866
B,lightgbm,1_none,full,12,0.2127791120900853,0.692737678996949
B,lightgbm,1_none,full,13,0.1736243877206844,0.719208404916083
B,lightgbm,1_none,full,14,0.17738051949148131,0.7011357177089487
B,lightgbm,1_none,full,15,0.24798575322114438,0.7478119502037726
B,lightgbm,1_none,full,16,0.2064205822879274,0.715264013540298
B,lightgbm,1_none,full,17,0.16280937638640317,0.6795759748791839
B,lightgbm,1_none,full,18,0.15376864277123206,0.7077001013171226
B,lightgbm,1_none,full,19,0.2337781903267369,0.7026180578001182
B,lightgbm,1_none,full,20,0.18260763638492125,0.7228692960381267
B,lightgbm,1_none,full,21,0.23086891381765906,0.7323675478253123
B,lightgbm,1_none,full,22,0.2027612823734579,0.6774268979800906
B,lightgbm,1_none,full,23,0.19808946475803252,0.69737015990485
B,lightgbm,1_none,full,24,0.17815856285894996,0.7018601696332043
B,lightgbm,1_none,lab_indicators_only,0,0.21304235856771508,0.7527559405830345
B,lightgbm,1_none,lab_indicators_only,1,0.1410202177561104,0.6338551989844776
B,lightgbm,1_none,lab_indicators_only,2,0.20469566407132167,0.7238380509097387
B,lightgbm,1_none,lab_indicators_only,3,0.20647193689094834,0.7416633628474516
B,lightgbm,1_none,lab_indicators_only,4,0.16007407354001363,0.6736065445872296
B,lightgbm,1_none,lab_indicators_only,5,0.2289280869762741,0.7576553905084292
B,lightgbm,1_none,lab_indicators_only,6,0.18080289151491546,0.6669153508674254
B,lightgbm,1_none,lab_indicators_only,7,0.21122495328810706,0.7396387769191368
B,lightgbm,1_none,lab_indicators_only,8,0.2167061112340803,0.7387009382846571
B,lightgbm,1_none,lab_indicators_only,9,0.17435024967022086,0.6606890095070383
B,lightgbm,1_none,lab_indicators_only,10,0.25632288178821944,0.7762064895441284
B,lightgbm,1_none,lab_indicators_only,11,0.1445600614001291,0.6595439057523995
B,lightgbm,1_none,lab_indicators_only,12,0.1959441080048272,0.6740418234861814
B,lightgbm,1_none,lab_indicators_only,13,0.1787789646382732,0.6995506805867582
B,lightgbm,1_none,lab_indicators_only,14,0.1987728200413728,0.7131393288231557
B,lightgbm,1_none,lab_indicators_only,15,0.25233156314911065,0.7484021112175132
B,lightgbm,1_none,lab_indicators_only,16,0.19212495552212536,0.7246731844197493
B,lightgbm,1_none,lab_indicators_only,17,0.1702586228447471,0.698884261630626
B,lightgbm,1_none,lab_indicators_only,18,0.15000523405568933,0.6918307563543458
B,lightgbm,1_none,lab_indicators_only,19,0.20797981346643396,0.7028855477413818
B,lightgbm,1_none,lab_indicators_only,20,0.18479176440060316,0.7239605371578737
B,lightgbm,1_none,lab_indicators_only,21,0.21626290977599077,0.7361646215174932
B,lightgbm,1_none,lab_indicators_only,22,0.20006831804549424,0.6817139166648107
B,lightgbm,1_none,lab_indicators_only,23,0.2049992447539584,0.718338399189463
B,lightgbm,1_none,lab_indicators_only,24,0.1720631158556637,0.7144099060441581
B,lightgbm,5_SMOTENC,full,0,0.18491528296055748,0.7177248736164622
B,lightgbm,5_SMOTENC,full,1,0.13704098695069444,0.6690087521991849
B,lightgbm,5_SMOTENC,full,2,0.1810200624208765,0.6642763289757924
B,lightgbm,5_SMOTENC,full,3,0.1994032119138192,0.7349896480331264
B,lightgbm,5_SMOTENC,full,4,0.12281890365427764,0.6273084939201765
B,lightgbm,5_SMOTENC,full,5,0.22928642935652535,0.7356190009576198
B,lightgbm,5_SMOTENC,full,6,0.17744325634805047,0.6344453599982184
B,lightgbm,5_SMOTENC,full,7,0.1823622147375506,0.7360866757232257
B,lightgbm,5_SMOTENC,full,8,0.18603968033676993,0.7095282146160964
B,lightgbm,5_SMOTENC,full,9,0.17036033287541713,0.6361245165676581
B,lightgbm,5_SMOTENC,full,10,0.2250306482000957,0.7390263456784624
B,lightgbm,5_SMOTENC,full,11,0.1427418029766211,0.6180433378616127
B,lightgbm,5_SMOTENC,full,12,0.18181394087729608,0.6796539206734515
B,lightgbm,5_SMOTENC,full,13,0.14981062951537283,0.6643209550240079
B,lightgbm,5_SMOTENC,full,14,0.1771995196735035,0.6952063573442706
B,lightgbm,5_SMOTENC,full,15,0.1914448134952469,0.6937621094358952
B,lightgbm,5_SMOTENC,full,16,0.16814593083090776,0.6800102443043895
B,lightgbm,5_SMOTENC,full,17,0.13096875289729712,0.6364942208761107
B,lightgbm,5_SMOTENC,full,18,0.15479687961366176,0.681919298709308
B,lightgbm,5_SMOTENC,full,19,0.20115408117915973,0.651048226207327
B,lightgbm,5_SMOTENC,full,20,0.174723059859285,0.6645435716989956
B,lightgbm,5_SMOTENC,full,21,0.1590909206759191,0.6965013473487294
B,lightgbm,5_SMOTENC,full,22,0.16820796864902787,0.6791639756809121
B,lightgbm,5_SMOTENC,full,23,0.19483413581609754,0.7030086780318048
B,lightgbm,5_SMOTENC,full,24,0.1797937748360372,0.6734950904450364
B,lightgbm,5_SMOTENC,lab_indicators_only,0,0.18835036275332992,0.7182704941763357
B,lightgbm,5_SMOTENC,lab_indicators_only,1,0.14321702561223634,0.6597332026813353
B,lightgbm,5_SMOTENC,lab_indicators_only,2,0.1662837994971231,0.6378192993786607
B,lightgbm,5_SMOTENC,lab_indicators_only,3,0.16671487988235562,0.7005308136205454
B,lightgbm,5_SMOTENC,lab_indicators_only,4,0.12965332426232135,0.6224268024921146
B,lightgbm,5_SMOTENC,lab_indicators_only,5,0.20770821600021283,0.7142173128744181
B,lightgbm,5_SMOTENC,lab_indicators_only,6,0.16508208110572264,0.6291895864418859
B,lightgbm,5_SMOTENC,lab_indicators_only,7,0.17619293812535858,0.7198739505155557
B,lightgbm,5_SMOTENC,lab_indicators_only,8,0.18836987468035846,0.7293070789833046
B,lightgbm,5_SMOTENC,lab_indicators_only,9,0.14469005457628814,0.6341183420081806
B,lightgbm,5_SMOTENC,lab_indicators_only,10,0.21679072510435157,0.736298242879095
B,lightgbm,5_SMOTENC,lab_indicators_only,11,0.1475989710750304,0.6210498184976505
B,lightgbm,5_SMOTENC,lab_indicators_only,12,0.1905359194639435,0.6622274680978999
B,lightgbm,5_SMOTENC,lab_indicators_only,13,0.13839935078616827,0.6745848200519801
B,lightgbm,5_SMOTENC,lab_indicators_only,14,0.17429285199809783,0.6736288354156682
B,lightgbm,5_SMOTENC,lab_indicators_only,15,0.19085418091356424,0.6775716544551588
B,lightgbm,5_SMOTENC,lab_indicators_only,16,0.15414058351752494,0.6862904482996681
B,lightgbm,5_SMOTENC,lab_indicators_only,17,0.14557700266922316,0.6770705743491526
B,lightgbm,5_SMOTENC,lab_indicators_only,18,0.16400633702346312,0.7028765252632043
B,lightgbm,5_SMOTENC,lab_indicators_only,19,0.20782316729621425,0.6605775553648452
B,lightgbm,5_SMOTENC,lab_indicators_only,20,0.160937269489683,0.669921831503463
B,lightgbm,5_SMOTENC,lab_indicators_only,21,0.19499958471989542,0.7076587310424692
B,lightgbm,5_SMOTENC,lab_indicators_only,22,0.1511808922805105,0.6723047457853596
B,lightgbm,5_SMOTENC,lab_indicators_only,23,0.17889602619360714,0.6733293687502754
B,lightgbm,5_SMOTENC,lab_indicators_only,24,0.1858520743358027,0.6816200974109203
A,RF,1_none,ordering_only,0,0.15670953521487507,0.6390721288248692
A,RF,1_none,ordering_only,1,0.12785563542697947,0.6345226578508367
A,RF,1_none,ordering_only,2,0.10580975178765165,0.6376343512671485
A,RF,1_none,ordering_only,3,0.14140028025061446,0.640128810583356
A,RF,1_none,ordering_only,4,0.1334361031768142,0.6225782726663008
A,RF,1_none,ordering_only,5,0.1457116507181143,0.6357166797431425
A,RF,1_none,ordering_only,6,0.12551512468382567,0.6311976782272869
A,RF,1_none,ordering_only,7,0.13372394647511832,0.6459620350551116
A,RF,1_none,ordering_only,8,0.1308782442717546,0.6074399085762723
A,RF,1_none,ordering_only,9,0.1306127398286951,0.6155093439424426
A,RF,1_none,ordering_only,10,0.12191098400508388,0.6187413828563593
A,RF,1_none,ordering_only,11,0.12408817505830302,0.6213941300588822
A,RF,1_none,ordering_only,12,0.12408952938468824,0.6595152309204062
A,RF,1_none,ordering_only,13,0.16033282451523834,0.6140904549995458
A,RF,1_none,ordering_only,14,0.14327394331486965,0.6427466313029693
A,RF,1_none,ordering_only,15,0.15883876495622481,0.6362156171207884
A,RF,1_none,ordering_only,16,0.11698130612452926,0.6456135406272138
A,RF,1_none,ordering_only,17,0.13449060088754755,0.6428827154381127
A,RF,1_none,ordering_only,18,0.1283310203826143,0.6382783882783882
A,RF,1_none,ordering_only,19,0.12118510106261213,0.6233004085116761
A,RF,1_none,ordering_only,20,0.15254505767809248,0.6738815804507954
A,RF,1_none,ordering_only,21,0.13067267577358258,0.6148089184104084
A,RF,1_none,ordering_only,22,0.16606288141969108,0.6445490139321598
A,RF,1_none,ordering_only,23,0.11450295028689761,0.6318283988738534
A,RF,1_none,ordering_only,24,0.11661178426305785,0.6338885586244741
A,RF,1_none,values_only,0,0.14326424756847034,0.679885968052773
A,RF,1_none,values_only,1,0.12525234616678496,0.6562188164138972
A,RF,1_none,values_only,2,0.11864110687913124,0.6469827619040366
A,RF,1_none,values_only,3,0.14167759382780135,0.6866126297944479
A,RF,1_none,values_only,4,0.12233756234419649,0.6768432565087494
A,RF,1_none,values_only,5,0.14213572707826821,0.6848429680299211
A,RF,1_none,values_only,6,0.12110015948074832,0.6241439986593439
A,RF,1_none,values_only,7,0.1264602412061263,0.6658338348098325
A,RF,1_none,values_only,8,0.133630320233358,0.6784427693518603
A,RF,1_none,values_only,9,0.13536423167732123,0.6788343698554965
A,RF,1_none,values_only,10,0.1461434544071697,0.6936086502791763
A,RF,1_none,values_only,11,0.14391190780300395,0.6505991057214023
A,RF,1_none,values_only,12,0.12670850081896923,0.6605645228863718
A,RF,1_none,values_only,13,0.11740901427425497,0.6281994520630884
A,RF,1_none,values_only,14,0.12635606882651462,0.6676688921407232
A,RF,1_none,values_only,15,0.12602101671408317,0.6649464118404315
A,RF,1_none,values_only,16,0.15120141617397895,0.6778140448967466
A,RF,1_none,values_only,17,0.13111166286229908,0.6823501854828268
A,RF,1_none,values_only,18,0.13891673164800572,0.6833280356007628
A,RF,1_none,values_only,19,0.1320692331818723,0.6745644320468265
A,RF,1_none,values_only,20,0.12579767798117475,0.6401271338142429
A,RF,1_none,values_only,21,0.1247762043936742,0.6587211206666719
A,RF,1_none,values_only,22,0.1331963519653894,0.6873376549181515
A,RF,1_none,values_only,23,0.13684450072322435,0.6622014349287075
A,RF,1_none,values_only,24,0.13807490846005446,0.6874180690201818
A,RF,1_none,lab_panel,0,0.15844343822794682,0.7093480297686606
A,RF,1_none,lab_panel,1,0.17296696570496084,0.7184431630344534
A,RF,1_none,lab_panel,2,0.15368063411063537,0.7013897881610921
A,RF,1_none,lab_panel,3,0.1322151034288965,0.6699985620440166
A,RF,1_none,lab_panel,4,0.14973046793479455,0.719904655203951
A,RF,1_none,lab_panel,5,0.168943971500475,0.7247084453720702
A,RF,1_none,lab_panel,6,0.1444660458478632,0.7069390382315527
A,RF,1_none,lab_panel,7,0.16174045637756732,0.7054117566404376
A,RF,1_none,lab_panel,8,0.1593763818172475,0.6939689098780009
A,RF,1_none,lab_panel,9,0.16377720401910434,0.706917642216938
A,RF,1_none,lab_panel,10,0.15482035115136972,0.7053527220652198
A,RF,1_none,lab_panel,11,0.13445365591772568,0.6621660737817929
A,RF,1_none,lab_panel,12,0.18025940775533483,0.7530202850417813
A,RF,1_none,lab_panel,13,0.13334663614002004,0.6889871492144221
A,RF,1_none,lab_panel,14,0.17208113998377078,0.693983979635388
A,RF,1_none,lab_panel,15,0.1415990654352623,0.7000719840949429
A,RF,1_none,lab_panel,16,0.17657815261275214,0.6846011167056423
A,RF,1_none,lab_panel,17,0.12980296608490843,0.6702728539979738
A,RF,1_none,lab_panel,18,0.1535456106848384,0.7493415675233857
A,RF,1_none,lab_panel,19,0.1533958370908696,0.714693463813182
A,RF,1_none,lab_panel,20,0.17408397618644483,0.7149525057320668
A,RF,1_none,lab_panel,21,0.1459831559068787,0.7013802664554117
A,RF,1_none,lab_panel,22,0.14037851091812187,0.6965832311336922
A,RF,1_none,lab_panel,23,0.13266020919639562,0.6831350467714103
A,RF,1_none,lab_panel,24,0.1794238679932618,0.725647445277727
A,RF,5_SMOTENC,lab_panel,0,0.14406229204911136,0.6699872028275657
A,RF,5_SMOTENC,lab_panel,1,0.14377788947988793,0.7067524128002193
A,RF,5_SMOTENC,lab_panel,2,0.1662059443043895,0.7190506478568544
A,RF,5_SMOTENC,lab_panel,3,0.1251184668286285,0.6757371416462326
A,RF,5_SMOTENC,lab_panel,4,0.1455272486482408,0.7046121425522834
A,RF,5_SMOTENC,lab_panel,5,0.14005271402676966,0.6918509434105988
A,RF,5_SMOTENC,lab_panel,6,0.14756881723979196,0.6809771555237317
A,RF,5_SMOTENC,lab_panel,7,0.1627466042233886,0.7243523335796281
A,RF,5_SMOTENC,lab_panel,8,0.1463146506241721,0.6783633033633033
A,RF,5_SMOTENC,lab_panel,9,0.13525440665192434,0.6903275714895434
A,RF,5_SMOTENC,lab_panel,10,0.13163484935451636,0.650265846022593
A,RF,5_SMOTENC,lab_panel,11,0.16932415603054085,0.7118617600682516
A,RF,5_SMOTENC,lab_panel,12,0.1552216107328186,0.7294769155767488
A,RF,5_SMOTENC,lab_panel,13,0.1384550235998633,0.6732169345805709
A,RF,5_SMOTENC,lab_panel,14,0.14887672105614946,0.6933170995670995
A,RF,5_SMOTENC,lab_panel,15,0.1355245117732974,0.6853990356416487
A,RF,5_SMOTENC,lab_panel,16,0.14283718443601712,0.6747880468315572
A,RF,5_SMOTENC,lab_panel,17,0.13515514884811508,0.6850048370264856
A,RF,5_SMOTENC,lab_panel,18,0.1450590725896235,0.7126377410468318
A,RF,5_SMOTENC,lab_panel,19,0.1492071876683124,0.7097299707334919
A,RF,5_SMOTENC,lab_panel,20,0.14441961529774067,0.71088292872432
A,RF,5_SMOTENC,lab_panel,21,0.14901066982265976,0.7110447977208845
A,RF,5_SMOTENC,lab_panel,22,0.1260907858240522,0.6614633719025891
A,RF,5_SMOTENC,lab_panel,23,0.1469313352866616,0.6837934792480246
A,RF,5_SMOTENC,lab_panel,24,0.1536903283502316,0.6776225535028352
A,xgboost,1_none,ordering_only,0,0.1727743942043261,0.6702062020582118
A,xgboost,1_none,ordering_only,1,0.11055685888160574,0.6369354580702169
A,xgboost,1_none,ordering_only,2,0.12008284405061559,0.6477730634754988
A,xgboost,1_none,ordering_only,3,0.15390932761541115,0.6615297581206672
A,xgboost,1_none,ordering_only,4,0.13239294559049744,0.6618765624047314
A,xgboost,1_none,ordering_only,5,0.17281801685195156,0.6768466395996313
A,xgboost,1_none,ordering_only,6,0.11686095226520114,0.6058604194120918
A,xgboost,1_none,ordering_only,7,0.14223713674351884,0.6564530503736317
A,xgboost,1_none,ordering_only,8,0.14620767838030868,0.652777147095329
A,xgboost,1_none,ordering_only,9,0.13820510781364312,0.6771995610023779
A,xgboost,1_none,ordering_only,10,0.1387307960443239,0.6429931672240039
A,xgboost,1_none,ordering_only,11,0.13740709091078357,0.6533413569573199
A,xgboost,1_none,ordering_only,12,0.12510840054345587,0.648492904424927
A,xgboost,1_none,ordering_only,13,0.1753465160364191,0.6666061211515757
A,xgboost,1_none,ordering_only,14,0.1794448221418764,0.692166255106396
A,xgboost,1_none,ordering_only,15,0.1472888921171332,0.6519054837407354
A,xgboost,1_none,ordering_only,16,0.12431677764561318,0.647923506425247
A,xgboost,1_none,ordering_only,17,0.16201261775884426,0.6653672712314993
A,xgboost,1_none,ordering_only,18,0.15542218066347552,0.695041700723519
A,xgboost,1_none,ordering_only,19,0.12846290689199158,0.6561147186147186
A,xgboost,1_none,ordering_only,20,0.16323880686482017,0.6731388874077348
A,xgboost,1_none,ordering_only,21,0.14967984230120643,0.6450060558048126
A,xgboost,1_none,ordering_only,22,0.15733376999555382,0.6650263941681458
A,xgboost,1_none,ordering_only,23,0.11817201320970805,0.6462533678442769
A,xgboost,1_none,ordering_only,24,0.13372732619449265,0.6563376470946893
A,xgboost,1_none,values_only,0,0.11011091440284057,0.597361344921884
A,xgboost,1_none,values_only,1,0.11179669160020074,0.5942534601878442
A,xgboost,1_none,values_only,2,0.13009497008793625,0.6343665018776804
A,xgboost,1_none,values_only,3,0.13679493786082045,0.6383805588351043
A,xgboost,1_none,values_only,4,0.13398945813041974,0.6128227699530516
A,xgboost,1_none,values_only,5,0.13994840346953222,0.6528424195796738
A,xgboost,1_none,values_only,6,0.11379152613230188,0.5754766565863543
A,xgboost,1_none,values_only,7,0.12882329025956604,0.6029258297214329
A,xgboost,1_none,values_only,8,0.13831119347104986,0.6196606423879152
A,xgboost,1_none,values_only,9,0.1213120539979427,0.621524602158405
A,xgboost,1_none,values_only,10,0.12442138301459588,0.6041598427775958
A,xgboost,1_none,values_only,11,0.12136105823501667,0.6232432453019904
A,xgboost,1_none,values_only,12,0.1297141419080891,0.6075667090699959
A,xgboost,1_none,values_only,13,0.12052737657758106,0.6231514697423788
A,xgboost,1_none,values_only,14,0.11425498584400491,0.6108183190049387
A,xgboost,1_none,values_only,15,0.1325907370241112,0.6303769071976477
A,xgboost,1_none,values_only,16,0.13820820053122382,0.6322850570159736
A,xgboost,1_none,values_only,17,0.10352551028448351,0.5723916239459472
A,xgboost,1_none,values_only,18,0.14940632000940315,0.6523608966790785
A,xgboost,1_none,values_only,19,0.109928068543822,0.6033378300103652
A,xgboost,1_none,values_only,20,0.13900497028142295,0.5920044333061648
A,xgboost,1_none,values_only,21,0.1184284489031717,0.5596858598861966
A,xgboost,1_none,values_only,22,0.11493337789533022,0.6231670716565483
A,xgboost,1_none,values_only,23,0.10939968642296626,0.5950886234977144
A,xgboost,1_none,values_only,24,0.1313696166215365,0.6317145296018536
A,xgboost,1_none,lab_panel,0,0.15302893748974913,0.6842259615018396
A,xgboost,1_none,lab_panel,1,0.19375251085296993,0.7003823917001196
A,xgboost,1_none,lab_panel,2,0.14316117953563928,0.6968631692806923
A,xgboost,1_none,lab_panel,3,0.12929385684196606,0.6525974025974026
A,xgboost,1_none,lab_panel,4,0.14519322650837946,0.703268855557588
A,xgboost,1_none,lab_panel,5,0.180157409850282,0.7035207458923362
A,xgboost,1_none,lab_panel,6,0.17496904575193079,0.7028237570365405
A,xgboost,1_none,lab_panel,7,0.16882237900956815,0.7052251312091044
A,xgboost,1_none,lab_panel,8,0.1611068069713707,0.6776027003299732
A,xgboost,1_none,lab_panel,9,0.14923363887966384,0.694073532101701
A,xgboost,1_none,lab_panel,10,0.17947554654266756,0.6726399500300886
A,xgboost,1_none,lab_panel,11,0.1579119969897831,0.682820557743432
A,xgboost,1_none,lab_panel,12,0.1959697590314937,0.7177804523191066
A,xgboost,1_none,lab_panel,13,0.13706638537237456,0.6675218720673265
A,xgboost,1_none,lab_panel,14,0.16782413156787174,0.6881001920614597
A,xgboost,1_none,lab_panel,15,0.1426276217245692,0.7042520128885809
A,xgboost,1_none,lab_panel,16,0.16780911289640776,0.7020467858530306
A,xgboost,1_none,lab_panel,17,0.15166277133146294,0.6930544870085847
A,xgboost,1_none,lab_panel,18,0.15751059777717025,0.7174227287863651
A,xgboost,1_none,lab_panel,19,0.18165512612570994,0.690502865678922
A,xgboost,1_none,lab_panel,20,0.1802309089784402,0.7065905438036549
A,xgboost,1_none,lab_panel,21,0.1614901733424701,0.7057031208342537
A,xgboost,1_none,lab_panel,22,0.14962585337689396,0.6813542150686706
A,xgboost,1_none,lab_panel,23,0.15842827671568588,0.689079859534405
A,xgboost,1_none,lab_panel,24,0.13135534454463874,0.6788762880312176
A,xgboost,5_SMOTENC,lab_panel,0,0.14838720662786395,0.6698558032891779
A,xgboost,5_SMOTENC,lab_panel,1,0.16685611082301208,0.7154076432635836
A,xgboost,5_SMOTENC,lab_panel,2,0.15506884347502847,0.7154838169090257
A,xgboost,5_SMOTENC,lab_panel,3,0.1351751010600647,0.647814306905216
A,xgboost,5_SMOTENC,lab_panel,4,0.16174659160604915,0.6900874946649594
A,xgboost,5_SMOTENC,lab_panel,5,0.16540920919151633,0.6904645830635517
A,xgboost,5_SMOTENC,lab_panel,6,0.14197150811916254,0.6771265777466312
A,xgboost,5_SMOTENC,lab_panel,7,0.16141852426667225,0.7187707097098546
A,xgboost,5_SMOTENC,lab_panel,8,0.1553993943141478,0.6631285381285381
A,xgboost,5_SMOTENC,lab_panel,9,0.13358759586092617,0.6864787208097067
A,xgboost,5_SMOTENC,lab_panel,10,0.17389362434097075,0.6701300284127697
A,xgboost,5_SMOTENC,lab_panel,11,0.15926660658160802,0.6823558985062348
A,xgboost,5_SMOTENC,lab_panel,12,0.1554584243694863,0.7027513920733705
A,xgboost,5_SMOTENC,lab_panel,13,0.13508178336733143,0.6741932310114129
A,xgboost,5_SMOTENC,lab_panel,14,0.15035193602111896,0.6764488445826473
A,xgboost,5_SMOTENC,lab_panel,15,0.15467226414780466,0.6820283518308337
A,xgboost,5_SMOTENC,lab_panel,16,0.15767990903175716,0.664119927787384
A,xgboost,5_SMOTENC,lab_panel,17,0.13489530050152918,0.6932182603462853
A,xgboost,5_SMOTENC,lab_panel,18,0.17710418336423014,0.7136840432294979
A,xgboost,5_SMOTENC,lab_panel,19,0.1444720967914118,0.6963028169014084
A,xgboost,5_SMOTENC,lab_panel,20,0.16642922089346976,0.708723405876035
A,xgboost,5_SMOTENC,lab_panel,21,0.15345204967952697,0.7009194159004869
A,xgboost,5_SMOTENC,lab_panel,22,0.13749890529793554,0.6733712170263333
A,xgboost,5_SMOTENC,lab_panel,23,0.15008990786084422,0.6749614022341295
A,xgboost,5_SMOTENC,lab_panel,24,0.14989332407172376,0.6589994512529724
A,lightgbm,1_none,ordering_only,0,0.1491287696153488,0.662950662329847
A,lightgbm,1_none,ordering_only,1,0.11083055543409459,0.6233384623587931
A,lightgbm,1_none,ordering_only,2,0.12293509983023516,0.6264025472467036
A,lightgbm,1_none,ordering_only,3,0.14407083019351938,0.6456668331668332
A,lightgbm,1_none,ordering_only,4,0.12811646434760907,0.6557679409792085
A,lightgbm,1_none,ordering_only,5,0.16747478936516258,0.6730112965516191
A,lightgbm,1_none,ordering_only,6,0.10470784911997094,0.5803232047776111
A,lightgbm,1_none,ordering_only,7,0.1244265761631913,0.6051729522619764
A,lightgbm,1_none,ordering_only,8,0.1481618097414699,0.6495720188902008
A,lightgbm,1_none,ordering_only,9,0.14452307605571463,0.6851868788488507
A,lightgbm,1_none,ordering_only,10,0.11959673182898084,0.6077895169829143
A,lightgbm,1_none,ordering_only,11,0.13222513646621997,0.6381637581029715
A,lightgbm,1_none,ordering_only,12,0.12361119031219676,0.6281773931855056
A,lightgbm,1_none,ordering_only,13,0.14915211641642473,0.6300252777525506
A,lightgbm,1_none,ordering_only,14,0.1728403208696919,0.6689855039326871
A,lightgbm,1_none,ordering_only,15,0.1349847095028772,0.6364308076691626
A,lightgbm,1_none,ordering_only,16,0.11576628571464707,0.6274823086708461
A,lightgbm,1_none,ordering_only,17,0.14160130489037595,0.6489632766855323
A,lightgbm,1_none,ordering_only,18,0.16458205199489312,0.6842948717948718
A,lightgbm,1_none,ordering_only,19,0.1175684753249422,0.6264271233461375
A,lightgbm,1_none,ordering_only,20,0.14149706431025214,0.6478606631677573
A,lightgbm,1_none,ordering_only,21,0.13168783224379332,0.6166694597003329
A,lightgbm,1_none,ordering_only,22,0.14853677177344135,0.6517797972257559
A,lightgbm,1_none,ordering_only,23,0.11730661644251447,0.6351281294463113
A,lightgbm,1_none,ordering_only,24,0.1322564069491134,0.6393798396439242
A,lightgbm,1_none,values_only,0,0.10624060334898675,0.5844518163605756
A,lightgbm,1_none,values_only,1,0.12171672613612713,0.5810430457270394
A,lightgbm,1_none,values_only,2,0.11321974949012764,0.6179263248501283
A,lightgbm,1_none,values_only,3,0.10606720164756636,0.5958151696788061
A,lightgbm,1_none,values_only,4,0.10762845802056438,0.5736292756539235
A,lightgbm,1_none,values_only,5,0.1385650315670343,0.616920832730292
A,lightgbm,1_none,values_only,6,0.09812333796780282,0.5677031360689828
A,lightgbm,1_none,values_only,7,0.10963353705892859,0.565054197548732
A,lightgbm,1_none,values_only,8,0.11966626970381584,0.565497002997003
A,lightgbm,1_none,values_only,9,0.10651552795149791,0.5984448356807512
A,lightgbm,1_none,values_only,10,0.1329289795737833,0.5943505815857829
A,lightgbm,1_none,values_only,11,0.11471853088773727,0.5794738686309311
A,lightgbm,1_none,values_only,12,0.10822114052712792,0.5993532857501962
A,lightgbm,1_none,values_only,13,0.10372338005086995,0.5650769684860594
A,lightgbm,1_none,values_only,14,0.10003629677104445,0.5812640997500153
A,lightgbm,1_none,values_only,15,0.11079099456609859,0.5892564690468391
A,lightgbm,1_none,values_only,16,0.1365079788818508,0.6147422664706464
A,lightgbm,1_none,values_only,17,0.09654139932720335,0.5614226190022776
A,lightgbm,1_none,values_only,18,0.13140119530303374,0.6219670481034117
A,lightgbm,1_none,values_only,19,0.0947646734521358,0.565902993719895
A,lightgbm,1_none,values_only,20,0.10873226620979057,0.574970101844164
A,lightgbm,1_none,values_only,21,0.1106947414680466,0.5238137859063521
A,lightgbm,1_none,values_only,22,0.1147112016201349,0.615962949138857
A,lightgbm,1_none,values_only,23,0.10421784003545403,0.5887994581176399
A,lightgbm,1_none,values_only,24,0.13188525844737445,0.6068875373452839
A,lightgbm,1_none,lab_panel,0,0.15681666815070375,0.6682904348753419
A,lightgbm,1_none,lab_panel,1,0.17723151869267598,0.6920908903937417
A,lightgbm,1_none,lab_panel,2,0.1610920250103833,0.6963509015150937
A,lightgbm,1_none,lab_panel,3,0.13034317724116437,0.6631134017497654
A,lightgbm,1_none,lab_panel,4,0.14244106760939446,0.6840055484421682
A,lightgbm,1_none,lab_panel,5,0.1775624530850753,0.6752260452928497
A,lightgbm,1_none,lab_panel,6,0.1554509216780909,0.6835784855155814
A,lightgbm,1_none,lab_panel,7,0.15932145261705255,0.7049147236039276
A,lightgbm,1_none,lab_panel,8,0.15171093536310765,0.671854660491024
A,lightgbm,1_none,lab_panel,9,0.15321355245123677,0.6915012804097311
A,lightgbm,1_none,lab_panel,10,0.16086993092318655,0.6706099223790554
A,lightgbm,1_none,lab_panel,11,0.14395373851105814,0.6830338439506699
A,lightgbm,1_none,lab_panel,12,0.1740970372121624,0.6898704286291029
A,lightgbm,1_none,lab_panel,13,0.14451655500991753,0.6819317046589775
A,lightgbm,1_none,lab_panel,14,0.1636387936164134,0.6875495396622159
A,lightgbm,1_none,lab_panel,15,0.14384471992827635,0.6899846890972662
A,lightgbm,1_none,lab_panel,16,0.1625344438750613,0.6803296795374738
A,lightgbm,1_none,lab_panel,17,0.14426695401044762,0.7007251731046092
A,lightgbm,1_none,lab_panel,18,0.17006109233071917,0.7251763388127024
A,lightgbm,1_none,lab_panel,19,0.16355037878689066,0.6566863301018231
A,lightgbm,1_none,lab_panel,20,0.18163862598964564,0.6943951431683666
A,lightgbm,1_none,lab_panel,21,0.16353395369498058,0.6968517432338759
A,lightgbm,1_none,lab_panel,22,0.1343067351466085,0.6633658086975068
A,lightgbm,1_none,lab_panel,23,0.16691082780911953,0.6810802833530105
A,lightgbm,1_none,lab_panel,24,0.12437047867848376,0.6515627858057436
A,lightgbm,5_SMOTENC,lab_panel,0,0.13353740054001412,0.6686027468216547
A,lightgbm,5_SMOTENC,lab_panel,1,0.15060473754689516,0.7196428979501671
A,lightgbm,5_SMOTENC,lab_panel,2,0.15597010086388452,0.6931497040653875
A,lightgbm,5_SMOTENC,lab_panel,3,0.12764045786252648,0.6547316320043592
A,lightgbm,5_SMOTENC,lab_panel,4,0.16781582406113063,0.6794440887750747
A,lightgbm,5_SMOTENC,lab_panel,5,0.16976503149812494,0.6862940759755939
A,lightgbm,5_SMOTENC,lab_panel,6,0.14860862243089001,0.6780101920337602
A,lightgbm,5_SMOTENC,lab_panel,7,0.18926469989738562,0.7107572422093403
A,lightgbm,5_SMOTENC,lab_panel,8,0.1489218865310823,0.6637037205219023
A,lightgbm,5_SMOTENC,lab_panel,9,0.131049265893501,0.6572655630754223
A,lightgbm,5_SMOTENC,lab_panel,10,0.1714402703198727,0.6529300192719323
A,lightgbm,5_SMOTENC,lab_panel,11,0.13608247625861744,0.6680124010694781
A,lightgbm,5_SMOTENC,lab_panel,12,0.17173353528199675,0.7229374081155403
A,lightgbm,5_SMOTENC,lab_panel,13,0.13718813943164365,0.6756501074682892
A,lightgbm,5_SMOTENC,lab_panel,14,0.15908404677873536,0.6772795866105726
A,lightgbm,5_SMOTENC,lab_panel,15,0.14226139450074526,0.6775150633383862
A,lightgbm,5_SMOTENC,lab_panel,16,0.16741947615254146,0.6857151562702335
A,lightgbm,5_SMOTENC,lab_panel,17,0.13039675725292446,0.6748261336542783
A,lightgbm,5_SMOTENC,lab_panel,18,0.16317755192807215,0.7003451094360186
A,lightgbm,5_SMOTENC,lab_panel,19,0.1372546760157397,0.674459636607524
A,lightgbm,5_SMOTENC,lab_panel,20,0.14376958270808943,0.6787871632172702
A,lightgbm,5_SMOTENC,lab_panel,21,0.16321242370185648,0.7069904554422259
A,lightgbm,5_SMOTENC,lab_panel,22,0.12291815286161012,0.6580717403392775
A,lightgbm,5_SMOTENC,lab_panel,23,0.15883144843166366,0.6631096176550721
A,lightgbm,5_SMOTENC,lab_panel,24,0.14505812299970966,0.6525516736784344
B,RF,1_none,ordering_only,0,0.12239324105809643,0.6208605215687149
B,RF,1_none,ordering_only,1,0.09708498216765388,0.6067356301360711
B,RF,1_none,ordering_only,2,0.12537423026788524,0.5802340600850723
B,RF,1_none,ordering_only,3,0.10640175026901347,0.5619631293775605
B,RF,1_none,ordering_only,4,0.09352357105581656,0.5297136743087058
B,RF,1_none,ordering_only,5,0.15216840357673247,0.616317395274258
B,RF,1_none,ordering_only,6,0.10383381008903267,0.5779290915974435
B,RF,1_none,ordering_only,7,0.09207292937696246,0.5606473954969602
B,RF,1_none,ordering_only,8,0.10592833657196213,0.5798478040614952
B,RF,1_none,ordering_only,9,0.0900574609233952,0.544041104287641
B,RF,1_none,ordering_only,10,0.1095909446195655,0.5521401688083203
B,RF,1_none,ordering_only,11,0.09733619479641092,0.558158697637129
B,RF,1_none,ordering_only,12,0.09114573372871757,0.5666269514286351
B,RF,1_none,ordering_only,13,0.08544977071083022,0.5316946390026871
B,RF,1_none,ordering_only,14,0.10131953126701497,0.5972716025991106
B,RF,1_none,ordering_only,15,0.09999310172043199,0.5766652562189609
B,RF,1_none,ordering_only,16,0.09242945502509331,0.5514998997839788
B,RF,1_none,ordering_only,17,0.11016234712704945,0.6125425918090104
B,RF,1_none,ordering_only,18,0.0989811766157223,0.5607957799215894
B,RF,1_none,ordering_only,19,0.09683037305499469,0.5236784325089442
B,RF,1_none,ordering_only,20,0.125225544169504,0.5945760862303189
B,RF,1_none,ordering_only,21,0.10129949656889435,0.5370576576175311
B,RF,1_none,ordering_only,22,0.09415463580829427,0.5773834710375699
B,RF,1_none,ordering_only,23,0.10061816306576345,0.5543973833751817
B,RF,1_none,ordering_only,24,0.10852179300282178,0.5503716995642144
B,RF,1_none,values_only,0,0.14298636847106977,0.584760483709329
B,RF,1_none,values_only,1,0.11923101738883532,0.5664877625103001
B,RF,1_none,values_only,2,0.11824972494408087,0.5585484266084673
B,RF,1_none,values_only,3,0.12986972321865503,0.5835425752169507
B,RF,1_none,values_only,4,0.1508547710338338,0.6883352094780602
B,RF,1_none,values_only,5,0.10699724083845577,0.5699229450148097
B,RF,1_none,values_only,6,0.10777793505785699,0.5746720709084026
B,RF,1_none,values_only,7,0.12558516085444643,0.59335122374897
B,RF,1_none,values_only,8,0.15403430030453658,0.5732181401700366
B,RF,1_none,values_only,9,0.12695094389638686,0.6013229606678332
B,RF,1_none,values_only,10,0.1492208309484931,0.6093356791305705
B,RF,1_none,values_only,11,0.09573578081719042,0.572372669977507
B,RF,1_none,values_only,12,0.1233966902764526,0.6222357080818653
B,RF,1_none,values_only,13,0.10632032467148336,0.5640610545790934
B,RF,1_none,values_only,14,0.14763429751022167,0.6358514539192849
B,RF,1_none,values_only,15,0.14815928894386335,0.592911386767031
B,RF,1_none,values_only,16,0.1078321924704144,0.587260316682627
B,RF,1_none,values_only,17,0.10040406936925345,0.5797997906598668
B,RF,1_none,values_only,18,0.11723096384834879,0.5920223778688164
B,RF,1_none,values_only,19,0.15131894758334757,0.631393288231557
B,RF,1_none,values_only,20,0.09555418127234355,0.5823385965302986
B,RF,1_none,values_only,21,0.14800134234483908,0.5907790125381377
B,RF,1_none,values_only,22,0.14717153271313982,0.5872714517960937
B,RF,1_none,values_only,23,0.1378907759336695,0.6309468745870226
B,RF,1_none,values_only,24,0.10639836550688803,0.5508007980116582
B,RF,1_none,lab_panel,0,0.17903430259444916,0.7460024942654165
B,RF,1_none,lab_panel,1,0.14078677035815768,0.712819856134334
B,RF,1_none,lab_panel,2,0.19697391850433882,0.7700042313431175
B,RF,1_none,lab_panel,3,0.199014768347762,0.7660070040967358
B,RF,1_none,lab_panel,4,0.17306561144850416,0.6924088583752215
B,RF,1_none,lab_panel,5,0.20156797246361993,0.7573269046611585
B,RF,1_none,lab_panel,6,0.15317715894304737,0.732902033271719
B,RF,1_none,lab_panel,7,0.20558127589290123,0.7701935282720531
B,RF,1_none,lab_panel,8,0.22059238565707345,0.7656545967138011
B,RF,1_none,lab_panel,9,0.1721548924260389,0.6855878648729979
B,RF,1_none,lab_panel,10,0.18600779499374176,0.7798532392045076
B,RF,1_none,lab_panel,11,0.1441440363572815,0.6954156737857158
B,RF,1_none,lab_panel,12,0.16672798481796466,0.7286929603812663
B,RF,1_none,lab_panel,13,0.16357474642368514,0.7199352451433857
B,RF,1_none,lab_panel,14,0.19010107589384792,0.7577990035999688
B,RF,1_none,lab_panel,15,0.23261514699414226,0.7787898358684275
B,RF,1_none,lab_panel,16,0.18045120845309576,0.7359586219183574
B,RF,1_none,lab_panel,17,0.1598333420538829,0.7323953856089793
B,RF,1_none,lab_panel,18,0.13903704529900338,0.6928219021188494
B,RF,1_none,lab_panel,19,0.20059320987777926,0.741760752538368
B,RF,1_none,lab_panel,20,0.18136829093325113,0.7557791238892724
B,RF,1_none,lab_panel,21,0.22793925142622404,0.7837282586909561
B,RF,1_none,lab_panel,22,0.13868702082137727,0.7180700621339331
B,RF,1_none,lab_panel,23,0.192879604049853,0.7084049160829919
B,RF,1_none,lab_panel,24,0.16068826268924252,0.7502869944161475
B,RF,5_SMOTENC,lab_panel,0,0.14593861848387826,0.6985557757833553
B,RF,5_SMOTENC,lab_panel,1,0.12410149865560628,0.6728058258913657
B,RF,5_SMOTENC,lab_panel,2,0.15113641543457687,0.6964623744515956
B,RF,5_SMOTENC,lab_panel,3,0.19860934599136004,0.7504074710365183
B,RF,5_SMOTENC,lab_panel,4,0.1134910960688223,0.632803183130301
B,RF,5_SMOTENC,lab_panel,5,0.16716150951981631,0.7381522392713182
B,RF,5_SMOTENC,lab_panel,6,0.13042509761943846,0.6683629156181101
B,RF,5_SMOTENC,lab_panel,7,0.1607986435980912,0.7002761508139768
B,RF,5_SMOTENC,lab_panel,8,0.15133256050039595,0.7164662349676226
B,RF,5_SMOTENC,lab_panel,9,0.10243143006642946,0.6154497731908205
B,RF,5_SMOTENC,lab_panel,10,0.14385593548432069,0.6995356657684342
B,RF,5_SMOTENC,lab_panel,11,0.11903204192815839,0.6554573191100816
B,RF,5_SMOTENC,lab_panel,12,0.14044049292045965,0.6962396721822595
B,RF,5_SMOTENC,lab_panel,13,0.15653097715928166,0.6724813884850889
B,RF,5_SMOTENC,lab_panel,14,0.18550561805542548,0.704601941531157
B,RF,5_SMOTENC,lab_panel,15,0.13012157312078113,0.6967685900719328
B,RF,5_SMOTENC,lab_panel,16,0.17488701457611477,0.7019798231743982
B,RF,5_SMOTENC,lab_panel,17,0.12733850354272166,0.6828886711355588
B,RF,5_SMOTENC,lab_panel,18,0.15112667259512053,0.7055140742698558
B,RF,5_SMOTENC,lab_panel,19,0.14564678942849374,0.6870924957926061
B,RF,5_SMOTENC,lab_panel,20,0.14894452597199537,0.7097576999309624
B,RF,5_SMOTENC,lab_panel,21,0.1807297625682135,0.7146682849698238
B,RF,5_SMOTENC,lab_panel,22,0.13102865772675648,0.692476003830479
B,RF,5_SMOTENC,lab_panel,23,0.1332815764329209,0.6721289811021539
B,RF,5_SMOTENC,lab_panel,24,0.13774999760911813,0.6845290505221626
B,xgboost,1_none,ordering_only,0,0.12179193914344628,0.5625514998997839
B,xgboost,1_none,ordering_only,1,0.09487300482853611,0.5946651671380531
B,xgboost,1_none,ordering_only,2,0.15158944774052358,0.6068247110438055
B,xgboost,1_none,ordering_only,3,0.10662823890461753,0.5438416809832165
B,xgboost,1_none,ordering_only,4,0.10103322198922335,0.5161942868606713
B,xgboost,1_none,ordering_only,5,0.14068529311816824,0.5977050531144913
B,xgboost,1_none,ordering_only,6,0.10087343767883067,0.5504921720152328
B,xgboost,1_none,ordering_only,7,0.0813240886831113,0.5353205799167093
B,xgboost,1_none,ordering_only,8,0.09570140115752998,0.5639399145412096
B,xgboost,1_none,ordering_only,9,0.10294199837053547,0.5767640404355627
B,xgboost,1_none,ordering_only,10,0.11423171785353514,0.5584315079170658
B,xgboost,1_none,ordering_only,11,0.09494119902738407,0.5448967774981627
B,xgboost,1_none,ordering_only,12,0.10779451862145759,0.583173730040309
B,xgboost,1_none,ordering_only,13,0.08066617560060385,0.54302673891018
B,xgboost,1_none,ordering_only,14,0.09093483300153953,0.5427705270666384
B,xgboost,1_none,ordering_only,15,0.09741730299677236,0.5540331380976773
B,xgboost,1_none,ordering_only,16,0.0923752503842116,0.5478308798966662
B,xgboost,1_none,ordering_only,17,0.1140515938530431,0.5869652361757567
B,xgboost,1_none,ordering_only,18,0.08952757823319012,0.5407911545746883
B,xgboost,1_none,ordering_only,19,0.10644095260479965,0.5438906411956801
B,xgboost,1_none,ordering_only,20,0.12203202265378015,0.5922154421753558
B,xgboost,1_none,ordering_only,21,0.11034416944525313,0.5357492817851814
B,xgboost,1_none,ordering_only,22,0.10234962955233318,0.5734583435405206
B,xgboost,1_none,ordering_only,23,0.10386134452451944,0.5229670499096957
B,xgboost,1_none,ordering_only,24,0.09410388246684308,0.550031764430525
B,xgboost,1_none,values_only,0,0.10080455121704608,0.5368182526779948
B,xgboost,1_none,values_only,1,0.07533866414259642,0.4907021802552168
B,xgboost,1_none,values_only,2,0.11074181387798336,0.5356045253101129
B,xgboost,1_none,values_only,3,0.11154593449668056,0.5460332143958415
B,xgboost,1_none,values_only,4,0.11741122924567002,0.5718990671288298
B,xgboost,1_none,values_only,5,0.11322731031483849,0.6056944970269248
B,xgboost,1_none,values_only,6,0.08796777277496917,0.5051165846379975
B,xgboost,1_none,values_only,7,0.10742425006464024,0.5143977017125805
B,xgboost,1_none,values_only,8,0.13529631040673867,0.49841416677679407
B,xgboost,1_none,values_only,9,0.1016528459161677,0.5484212520758334
B,xgboost,1_none,values_only,10,0.09593522190106987,0.5485101218181413
B,xgboost,1_none,values_only,11,0.07268299064280956,0.4949557935995368
B,xgboost,1_none,values_only,12,0.10740250502602264,0.5320468565574682
B,xgboost,1_none,values_only,13,0.10644373378337253,0.5763953129818069
B,xgboost,1_none,values_only,14,0.10881140040744497,0.5551307914358636
B,xgboost,1_none,values_only,15,0.12154723432490785,0.4762655056455025
B,xgboost,1_none,values_only,16,0.10392057397760142,0.5435438612119458
B,xgboost,1_none,values_only,17,0.09480233086921447,0.5033071286996414
B,xgboost,1_none,values_only,18,0.09427251085286482,0.522008942337342
B,xgboost,1_none,values_only,19,0.11111002173408951,0.5932982624299232
B,xgboost,1_none,values_only,20,0.07389856774418957,0.5061688528606106
B,xgboost,1_none,values_only,21,0.08249282663618268,0.5239237912834331
B,xgboost,1_none,values_only,22,0.09728426629112927,0.5135124601919694
B,xgboost,1_none,values_only,23,0.1334717918382564,0.5399707061362936
B,xgboost,1_none,values_only,24,0.07962181918347398,0.4929616709204998
B,xgboost,1_none,lab_panel,0,0.15216484756209758,0.7063447876533862
B,xgboost,1_none,lab_panel,1,0.13979856321649103,0.6843195332160436
B,xgboost,1_none,lab_panel,2,0.18955607378049244,0.7406130993474823
B,xgboost,1_none,lab_panel,3,0.1975186273308122,0.7032839962997225
B,xgboost,1_none,lab_panel,4,0.14759406483794146,0.6578803651237698
B,xgboost,1_none,lab_panel,5,0.19046436171395337,0.7476226532748369
B,xgboost,1_none,lab_panel,6,0.13625972916656132,0.6519052179141706
B,xgboost,1_none,lab_panel,7,0.2009407327153919,0.7234705921653343
B,xgboost,1_none,lab_panel,8,0.21222223864414433,0.7252764195409893
B,xgboost,1_none,lab_panel,9,0.14574119439483585,0.6554618102381775
B,xgboost,1_none,lab_panel,10,0.17525512694202702,0.7115671558693182
B,xgboost,1_none,lab_panel,11,0.13783062354116885,0.6699329666169298
B,xgboost,1_none,lab_panel,12,0.1612965769693461,0.7020354987417323
B,xgboost,1_none,lab_panel,13,0.17203172242012243,0.6947381172635565
B,xgboost,1_none,lab_panel,14,0.16062548441214997,0.7130947471662784
B,xgboost,1_none,lab_panel,15,0.20589734965091927,0.7417655835912969
B,xgboost,1_none,lab_panel,16,0.18689147246388466,0.7194285459768835
B,xgboost,1_none,lab_panel,17,0.1353098292607885,0.6701333986593323
B,xgboost,1_none,lab_panel,18,0.1154012574736313,0.6551363376062728
B,xgboost,1_none,lab_panel,19,0.20303666993533717,0.6967667153349754
B,xgboost,1_none,lab_panel,20,0.13834346567225586,0.6957664298599202
B,xgboost,1_none,lab_panel,21,0.20473978654362693,0.7415762866623611
B,xgboost,1_none,lab_panel,22,0.1534512970005191,0.7059550586820479
B,xgboost,1_none,lab_panel,23,0.1607056387283945,0.6828443680895114
B,xgboost,1_none,lab_panel,24,0.17682849875447484,0.728430837132062
B,xgboost,5_SMOTENC,lab_panel,0,0.13767166437303138,0.6577734227111776
B,xgboost,5_SMOTENC,lab_panel,1,0.12687612389642489,0.6528071621049819
B,xgboost,5_SMOTENC,lab_panel,2,0.1738004484416421,0.6747099302941897
B,xgboost,5_SMOTENC,lab_panel,3,0.18226610398618986,0.7387119510153738
B,xgboost,5_SMOTENC,lab_panel,4,0.12410638048506754,0.581378241922361
B,xgboost,5_SMOTENC,lab_panel,5,0.16879679105273696,0.7399505600962074
B,xgboost,5_SMOTENC,lab_panel,6,0.1372824220497956,0.6276418056699997
B,xgboost,5_SMOTENC,lab_panel,7,0.18153991059520194,0.6872926085116807
B,xgboost,5_SMOTENC,lab_panel,8,0.18234443311470286,0.7006629663891458
B,xgboost,5_SMOTENC,lab_panel,9,0.13694454662862793,0.6333270175986091
B,xgboost,5_SMOTENC,lab_panel,10,0.15248474843937548,0.7088613232968844
B,xgboost,5_SMOTENC,lab_panel,11,0.12892444811995862,0.6490434937532014
B,xgboost,5_SMOTENC,lab_panel,12,0.13041241337670587,0.6667705943923568
B,xgboost,5_SMOTENC,lab_panel,13,0.15478585010942736,0.6655323554028458
B,xgboost,5_SMOTENC,lab_panel,14,0.19477991334566294,0.7009573910814396
B,xgboost,5_SMOTENC,lab_panel,15,0.1622588569212628,0.69015433267265
B,xgboost,5_SMOTENC,lab_panel,16,0.19124467784242255,0.6865354207959379
B,xgboost,5_SMOTENC,lab_panel,17,0.13605214950935166,0.6648442197625993
B,xgboost,5_SMOTENC,lab_panel,18,0.11952088843381306,0.6461829875335888
B,xgboost,5_SMOTENC,lab_panel,19,0.14833797982413652,0.6646790677975547
B,xgboost,5_SMOTENC,lab_panel,20,0.14854267155754663,0.6735184731532414
B,xgboost,5_SMOTENC,lab_panel,21,0.1848362634564674,0.7041957107542924
B,xgboost,5_SMOTENC,lab_panel,22,0.1327500820595391,0.6773044117319555
B,xgboost,5_SMOTENC,lab_panel,23,0.12858115490733663,0.6502466851680543
B,xgboost,5_SMOTENC,lab_panel,24,0.19752784538911855,0.7230810383067887
B,lightgbm,1_none,ordering_only,0,0.1273308080786707,0.5706021869362848
B,lightgbm,1_none,ordering_only,1,0.09262711097409601,0.5762643921341558
B,lightgbm,1_none,ordering_only,2,0.16203681384313243,0.5991637529786429
B,lightgbm,1_none,ordering_only,3,0.09867534546697873,0.5566164486145985
B,lightgbm,1_none,ordering_only,4,0.09638560435392407,0.49472821907426195
B,lightgbm,1_none,ordering_only,5,0.1544822655412186,0.5862358862436807
B,lightgbm,1_none,ordering_only,6,0.09733968195781526,0.5326203149010087
B,lightgbm,1_none,ordering_only,7,0.08298944791866478,0.5204106629846559
B,lightgbm,1_none,ordering_only,8,0.0976695920618388,0.5423439496057443
B,lightgbm,1_none,ordering_only,9,0.0953784392062415,0.5444757754421943
B,lightgbm,1_none,ordering_only,10,0.11262329953943861,0.5344798788499655
B,lightgbm,1_none,ordering_only,11,0.0948165188123365,0.5167917511079438
B,lightgbm,1_none,ordering_only,12,0.10061435955317653,0.5599904238024185
B,lightgbm,1_none,ordering_only,13,0.07930562308396678,0.5274877758689045
B,lightgbm,1_none,ordering_only,14,0.09123116730016406,0.536651694660232
B,lightgbm,1_none,ordering_only,15,0.08824500484557982,0.5278878916776162
B,lightgbm,1_none,ordering_only,16,0.09610592807009549,0.5473520700175935
B,lightgbm,1_none,ordering_only,17,0.1000427315481573,0.5567445382268446
B,lightgbm,1_none,ordering_only,18,0.08681242796272545,0.5074666314259284
B,lightgbm,1_none,ordering_only,19,0.09038480558197699,0.49976594630139426
B,lightgbm,1_none,ordering_only,20,0.12216008432772958,0.5706745651738191
B,lightgbm,1_none,ordering_only,21,0.10120831147809946,0.5307718860655191
B,lightgbm,1_none,ordering_only,22,0.09134634419952964,0.532013451217068
B,lightgbm,1_none,ordering_only,23,0.10711138021539668,0.5224935024888773
B,lightgbm,1_none,ordering_only,24,0.09496716817931627,0.5300257459068466
B,lightgbm,1_none,values_only,0,0.0936315976192305,0.47129367748257356
B,lightgbm,1_none,values_only,1,0.07233166012783018,0.4832694920161236
B,lightgbm,1_none,values_only,2,0.08664818512414552,0.5195087187938445
B,lightgbm,1_none,values_only,3,0.09595205665561211,0.5085128408440157
B,lightgbm,1_none,values_only,4,0.08492279656315657,0.5158153427772143
B,lightgbm,1_none,values_only,5,0.08867594236072099,0.5285392958154244
B,lightgbm,1_none,values_only,6,0.07449968953626696,0.47446718482061334
B,lightgbm,1_none,values_only,7,0.09745250685987544,0.5195810970313788
B,lightgbm,1_none,values_only,8,0.1212874527307234,0.45207259592088456
B,lightgbm,1_none,values_only,9,0.09154305657806794,0.49859010510125606
B,lightgbm,1_none,values_only,10,0.07681542374627512,0.500027837783667
B,lightgbm,1_none,values_only,11,0.06568343259979176,0.4424704362737456
B,lightgbm,1_none,values_only,12,0.0855571712057662,0.5027949134801684
B,lightgbm,1_none,values_only,13,0.08663544252360031,0.5069985903704682
B,lightgbm,1_none,values_only,14,0.08886562208127893,0.49638888579294044
B,lightgbm,1_none,values_only,15,0.10453721629501968,0.4633766118076743
B,lightgbm,1_none,values_only,16,0.09240889936773104,0.5298755094314411
B,lightgbm,1_none,values_only,17,0.08001606722354951,0.45969088925016155
B,lightgbm,1_none,values_only,18,0.07348876651500581,0.4530141843971631
B,lightgbm,1_none,values_only,19,0.0749053339015735,0.5150630273174103
B,lightgbm,1_none,values_only,20,0.0792255566386887,0.49425984900786135
B,lightgbm,1_none,values_only,21,0.08278497892376328,0.48941607464980064
B,lightgbm,1_none,values_only,22,0.09436151748075451,0.4934302830545843
B,lightgbm,1_none,values_only,23,0.11383452516634021,0.5105281705651734
B,lightgbm,1_none,values_only,24,0.06159914686481861,0.4222217268704791
B,lightgbm,1_none,lab_panel,0,0.1751607945235321,0.7020243636282653
B,lightgbm,1_none,lab_panel,1,0.14099867202906943,0.6702892902478677
B,lightgbm,1_none,lab_panel,2,0.15930816134657855,0.68963098233971
B,lightgbm,1_none,lab_panel,3,0.17881692396722698,0.7045174221399938
B,lightgbm,1_none,lab_panel,4,0.15274801144430947,0.62774316507473
B,lightgbm,1_none,lab_panel,5,0.2101274107075371,0.7404961806560809
B,lightgbm,1_none,lab_panel,6,0.1617225507082545,0.6569716945415673
B,lightgbm,1_none,lab_panel,7,0.19250492791988855,0.7186379529207402
B,lightgbm,1_none,lab_panel,8,0.18175707598907875,0.6994956169331747
B,lightgbm,1_none,lab_panel,9,0.1469252697672334,0.6604883920510906
B,lightgbm,1_none,lab_panel,10,0.17220427064382987,0.7151415272921631
B,lightgbm,1_none,lab_panel,11,0.13909089173630879,0.6580072600939803
B,lightgbm,1_none,lab_panel,12,0.1695888411492782,0.6594325546177316
B,lightgbm,1_none,lab_panel,13,0.1659635083668625,0.6908285978591252
B,lightgbm,1_none,lab_panel,14,0.1655775197722654,0.6864126255252277
B,lightgbm,1_none,lab_panel,15,0.1972809968749278,0.7211433534507716
B,lightgbm,1_none,lab_panel,16,0.16845528360217857,0.6866579070440728
B,lightgbm,1_none,lab_panel,17,0.15533653653803903,0.6719818274948222
B,lightgbm,1_none,lab_panel,18,0.11471383099494467,0.646326153032906
B,lightgbm,1_none,lab_panel,19,0.17825727558334042,0.6844621780368467
B,lightgbm,1_none,lab_panel,20,0.15552738309589156,0.6840856958332405
B,lightgbm,1_none,lab_panel,21,0.2178433180082816,0.7274124223325835
B,lightgbm,1_none,lab_panel,22,0.15741831908425372,0.6924927065006793
B,lightgbm,1_none,lab_panel,23,0.18291783148762683,0.6831086736267125
B,lightgbm,1_none,lab_panel,24,0.178029026867402,0.6967332790923175
B,lightgbm,5_SMOTENC,lab_panel,0,0.154131119966997,0.6613032536801551
B,lightgbm,5_SMOTENC,lab_panel,1,0.12303774376888688,0.6567823976126317
B,lightgbm,5_SMOTENC,lab_panel,2,0.15551589054605544,0.6673050798387635
B,lightgbm,5_SMOTENC,lab_panel,3,0.18590709557902538,0.7216642438659091
B,lightgbm,5_SMOTENC,lab_panel,4,0.11948010156329023,0.5838748147074886
B,lightgbm,5_SMOTENC,lab_panel,5,0.14809943167152728,0.6985724784535554
B,lightgbm,5_SMOTENC,lab_panel,6,0.14832550069082082,0.6385430817540031
B,lightgbm,5_SMOTENC,lab_panel,7,0.1852352000899316,0.6751664699463288
B,lightgbm,5_SMOTENC,lab_panel,8,0.16126151867194385,0.6767212898110216
B,lightgbm,5_SMOTENC,lab_panel,9,0.13428876596218048,0.6384650535537154
B,lightgbm,5_SMOTENC,lab_panel,10,0.13418930399254736,0.6916018974233348
B,lightgbm,5_SMOTENC,lab_panel,11,0.12991603959488998,0.6477072801371846
B,lightgbm,5_SMOTENC,lab_panel,12,0.1306042009788102,0.6619045498073626
B,lightgbm,5_SMOTENC,lab_panel,13,0.17187829078419134,0.658836615127087
B,lightgbm,5_SMOTENC,lab_panel,14,0.1789822729743313,0.668769434816045
B,lightgbm,5_SMOTENC,lab_panel,15,0.1580537346536784,0.6981048036879496
B,lightgbm,5_SMOTENC,lab_panel,16,0.19256432934847179,0.6564260739816938
B,lightgbm,5_SMOTENC,lab_panel,17,0.14368313357739976,0.6683072400507761
B,lightgbm,5_SMOTENC,lab_panel,18,0.1301912735946099,0.6412933350953702
B,lightgbm,5_SMOTENC,lab_panel,19,0.18146886147762603,0.67867770805702
B,lightgbm,5_SMOTENC,lab_panel,20,0.13270405471117416,0.651415272921631
B,lightgbm,5_SMOTENC,lab_panel,21,0.18221287861933375,0.7109881299690443
B,lightgbm,5_SMOTENC,lab_panel,22,0.13929763839655668,0.6924258958198785
B,lightgbm,5_SMOTENC,lab_panel,23,0.13034003472813785,0.6121866878111095
B,lightgbm,5_SMOTENC,lab_panel,24,0.2171693990873781,0.693545690625592
