cell,feature,group,perm_importance
1_none_baseline,Age,non_SOFA,-0.0006051330000124644
1_none_baseline,HospAdmTime,non_SOFA,0.00039561783294938537
1_none_baseline,HR_mean,non_SOFA,0.0007527812830153691
1_none_baseline,HR_min,non_SOFA,-0.0008321874896518033
1_none_baseline,HR_max,non_SOFA,-0.00032944093955816214
1_none_baseline,HR_std,non_SOFA,0.00013382039448636696
1_none_baseline,O2Sat_mean,SOFA_other(MAP+resp),0.000859897896722861
1_none_baseline,O2Sat_min,SOFA_other(MAP+resp),0.0006306599158038606
1_none_baseline,O2Sat_max,SOFA_other(MAP+resp),-0.001832780517645416
1_none_baseline,O2Sat_std,SOFA_other(MAP+resp),0.0025010809159610016
1_none_baseline,Temp_mean,non_SOFA,0.0034094019089368766
1_none_baseline,Temp_min,non_SOFA,-0.0018884348352361414
1_none_baseline,Temp_max,non_SOFA,0.0016964497758772457
1_none_baseline,Temp_std,non_SOFA,0.0009101795984762295
1_none_baseline,SBP_mean,non_SOFA,-0.00014450806230022483
1_none_baseline,SBP_min,non_SOFA,-0.00011628282409225088
1_none_baseline,SBP_max,non_SOFA,-0.0005006226030998484
1_none_baseline,SBP_std,non_SOFA,-0.0006540209974094435
1_none_baseline,MAP_mean,SOFA_other(MAP+resp),0.0021566321502772103
1_none_baseline,MAP_min,SOFA_other(MAP+resp),0.0017972666384511893
1_none_baseline,MAP_max,SOFA_other(MAP+resp),0.0016354546731328413
1_none_baseline,MAP_std,SOFA_other(MAP+resp),-0.0013993626510226786
1_none_baseline,DBP_mean,non_SOFA,0.001003813149892896
1_none_baseline,DBP_min,non_SOFA,0.0005920674721717756
1_none_baseline,DBP_max,non_SOFA,0.00025419142914123727
1_none_baseline,DBP_std,non_SOFA,-0.0019431774290106008
1_none_baseline,Resp_mean,non_SOFA,0.001728245961210656
1_none_baseline,Resp_min,non_SOFA,0.004534589561730323
1_none_baseline,Resp_max,non_SOFA,0.0004947035492199215
1_none_baseline,Resp_std,non_SOFA,-0.000709724413270435
1_none_baseline,EtCO2_mean,non_SOFA,0.0018211649577901446
1_none_baseline,EtCO2_min,non_SOFA,-1.032426477133863e-05
1_none_baseline,EtCO2_max,non_SOFA,0.002342950936351984
1_none_baseline,EtCO2_std,non_SOFA,0.0017846729517894178
1_none_baseline,BaseExcess_mean,non_SOFA,0.0006280751835428366
1_none_baseline,BaseExcess_min,non_SOFA,-0.0004174111955274784
1_none_baseline,BaseExcess_max,non_SOFA,-0.00037313076845427173
1_none_baseline,BaseExcess_std,non_SOFA,0.00022400489107232135
1_none_baseline,HCO3_mean,non_SOFA,0.0004322938064387716
1_none_baseline,HCO3_min,non_SOFA,-0.0010306853038646146
1_none_baseline,HCO3_max,non_SOFA,-5.246231905955967e-05
1_none_baseline,HCO3_std,non_SOFA,5.876813770397948e-05
1_none_baseline,FiO2_mean,SOFA_other(MAP+resp),-0.0011452173296126245
1_none_baseline,FiO2_min,SOFA_other(MAP+resp),-0.0003397166226660475
1_none_baseline,FiO2_max,SOFA_other(MAP+resp),0.002847203796552361
1_none_baseline,FiO2_std,SOFA_other(MAP+resp),0.0005967127175061981
1_none_baseline,pH_mean,non_SOFA,0.001217123077186255
1_none_baseline,pH_min,non_SOFA,0.0004432134118639741
1_none_baseline,pH_max,non_SOFA,0.0006003417303810266
1_none_baseline,pH_std,non_SOFA,0.0014440878090485442
1_none_baseline,PaCO2_mean,non_SOFA,-0.0004834756003323115
1_none_baseline,PaCO2_min,non_SOFA,0.0023060934959571178
1_none_baseline,PaCO2_max,non_SOFA,0.0011180146243383426
1_none_baseline,PaCO2_std,non_SOFA,0.0007063327008866472
1_none_baseline,SaO2_mean,SOFA_other(MAP+resp),-0.0004674940559740548
1_none_baseline,SaO2_min,SOFA_other(MAP+resp),0.0011055894430869351
1_none_baseline,SaO2_max,SOFA_other(MAP+resp),0.0018780858812191326
1_none_baseline,SaO2_std,SOFA_other(MAP+resp),0.0005509645733886625
1_none_baseline,AST_mean,non_SOFA,-0.00020046956933930104
1_none_baseline,AST_min,non_SOFA,0.0005654292736503808
1_none_baseline,AST_max,non_SOFA,-8.111338496452069e-05
1_none_baseline,AST_std,non_SOFA,-6.99250639606297e-05
1_none_baseline,BUN_mean,non_SOFA,0.0004252309559201639
1_none_baseline,BUN_min,non_SOFA,0.000370306190652786
1_none_baseline,BUN_max,non_SOFA,0.00017949360888501188
1_none_baseline,BUN_std,non_SOFA,-4.842900264828143e-05
1_none_baseline,Alkalinephos_mean,non_SOFA,0.0011720078105720733
1_none_baseline,Alkalinephos_min,non_SOFA,-0.0002944015342698614
1_none_baseline,Alkalinephos_max,non_SOFA,0.001677518352079782
1_none_baseline,Alkalinephos_std,non_SOFA,0.00019798307737973754
1_none_baseline,Calcium_mean,non_SOFA,0.0008824015839095478
1_none_baseline,Calcium_min,non_SOFA,0.0006282160282499837
1_none_baseline,Calcium_max,non_SOFA,-5.8204023770580536e-05
1_none_baseline,Calcium_std,non_SOFA,0.0011299170262162872
1_none_baseline,Chloride_mean,non_SOFA,-0.0003058514597756745
1_none_baseline,Chloride_min,non_SOFA,0.0001478633060700729
1_none_baseline,Chloride_max,non_SOFA,-0.0009962991184152615
1_none_baseline,Chloride_std,non_SOFA,-9.147311949282421e-05
1_none_baseline,Creatinine_mean,SOFA_lab_core,0.001306791654867867
1_none_baseline,Creatinine_min,SOFA_lab_core,-0.0005827857138085146
1_none_baseline,Creatinine_max,SOFA_lab_core,0.00012385177273238623
1_none_baseline,Creatinine_std,SOFA_lab_core,-3.2457248513717564e-05
1_none_baseline,Bilirubin_direct_mean,non_SOFA,1.5504740710570176e-05
1_none_baseline,Bilirubin_direct_min,non_SOFA,-0.00013797617001090612
1_none_baseline,Bilirubin_direct_max,non_SOFA,-0.00010600196354739189
1_none_baseline,Bilirubin_direct_std,non_SOFA,0.0
1_none_baseline,Glucose_mean,non_SOFA,0.0021374500637888925
1_none_baseline,Glucose_min,non_SOFA,-0.0002471383790150938
1_none_baseline,Glucose_max,non_SOFA,-7.747352711737766e-05
1_none_baseline,Glucose_std,non_SOFA,0.0018646324954279315
1_none_baseline,Lactate_mean,non_SOFA,-0.0017168555546478782
1_none_baseline,Lactate_min,non_SOFA,0.0006998866972627194
1_none_baseline,Lactate_max,non_SOFA,0.000760357301075687
1_none_baseline,Lactate_std,non_SOFA,-6.40337081623088e-05
1_none_baseline,Magnesium_mean,non_SOFA,-0.0010917558718144872
1_none_baseline,Magnesium_min,non_SOFA,-0.0011807919836323787
1_none_baseline,Magnesium_max,non_SOFA,-5.2775579603431265e-05
1_none_baseline,Magnesium_std,non_SOFA,-8.02360819976089e-05
1_none_baseline,Phosphate_mean,non_SOFA,-0.0011505986891005016
1_none_baseline,Phosphate_min,non_SOFA,-0.0011312210492946894
1_none_baseline,Phosphate_max,non_SOFA,-0.0002347618721921574
1_none_baseline,Phosphate_std,non_SOFA,-7.90821234912753e-05
1_none_baseline,Potassium_mean,non_SOFA,0.000916580044919646
1_none_baseline,Potassium_min,non_SOFA,0.0008374455644608869
1_none_baseline,Potassium_max,non_SOFA,0.00029616475545362063
1_none_baseline,Potassium_std,non_SOFA,-0.00022920063540088353
1_none_baseline,Bilirubin_total_mean,SOFA_lab_core,0.00018148635921054755
1_none_baseline,Bilirubin_total_min,SOFA_lab_core,-4.5753927111574774e-05
1_none_baseline,Bilirubin_total_max,SOFA_lab_core,-0.0008463498589342255
1_none_baseline,Bilirubin_total_std,SOFA_lab_core,-2.9739357069069605e-05
1_none_baseline,TroponinI_mean,non_SOFA,0.0002232854113886351
1_none_baseline,TroponinI_min,non_SOFA,0.0009296349364233292
1_none_baseline,TroponinI_max,non_SOFA,0.0006795908095568904
1_none_baseline,TroponinI_std,non_SOFA,-3.381049739731301e-06
1_none_baseline,Hct_mean,non_SOFA,9.487628981946772e-06
1_none_baseline,Hct_min,non_SOFA,-0.00036874973276014854
1_none_baseline,Hct_max,non_SOFA,-0.00037077884106000993
1_none_baseline,Hct_std,non_SOFA,0.00015002593842055044
1_none_baseline,Hgb_mean,non_SOFA,-0.00028375311632388155
1_none_baseline,Hgb_min,non_SOFA,-5.2366625360456e-07
1_none_baseline,Hgb_max,non_SOFA,-1.6377762750624525e-05
1_none_baseline,Hgb_std,non_SOFA,-0.0001007567018787292
1_none_baseline,PTT_mean,non_SOFA,4.176707970087734e-05
1_none_baseline,PTT_min,non_SOFA,-8.06010830322612e-06
1_none_baseline,PTT_max,non_SOFA,-0.000538983440325802
1_none_baseline,PTT_std,non_SOFA,-1.9910836162073674e-05
1_none_baseline,WBC_mean,non_SOFA,-0.0004595008574413417
1_none_baseline,WBC_min,non_SOFA,0.0010748862655863222
1_none_baseline,WBC_max,non_SOFA,-2.7044182718377606e-05
1_none_baseline,WBC_std,non_SOFA,0.00015447412983322085
1_none_baseline,Fibrinogen_mean,non_SOFA,-0.00028884142907945607
1_none_baseline,Fibrinogen_min,non_SOFA,-0.0003832037721081427
1_none_baseline,Fibrinogen_max,non_SOFA,-0.00021033292172644713
1_none_baseline,Fibrinogen_std,non_SOFA,-2.709058766350303e-05
1_none_baseline,Platelets_mean,SOFA_lab_core,0.00020735544082094436
1_none_baseline,Platelets_min,SOFA_lab_core,0.00045237983272451433
1_none_baseline,Platelets_max,SOFA_lab_core,0.0005191164303874729
1_none_baseline,Platelets_std,SOFA_lab_core,-0.00017703921157209978
1_none_baseline,HR_last,non_SOFA,0.0007520419774177889
1_none_baseline,O2Sat_last,SOFA_other(MAP+resp),0.0011748388527291708
1_none_baseline,Temp_last,non_SOFA,0.006470032510558809
1_none_baseline,SBP_last,non_SOFA,0.0010329527405204264
1_none_baseline,MAP_last,SOFA_other(MAP+resp),0.0031230352531669446
1_none_baseline,DBP_last,non_SOFA,0.0006540894862243185
1_none_baseline,Resp_last,non_SOFA,0.00033338792756201774
1_none_baseline,EtCO2_last,non_SOFA,0.00016306284663266667
1_none_baseline,BaseExcess_last,non_SOFA,0.0013231043174841417
1_none_baseline,HCO3_last,non_SOFA,-0.0008733845386523886
1_none_baseline,FiO2_last,SOFA_other(MAP+resp),0.0006500672337253599
1_none_baseline,pH_last,non_SOFA,0.0003284632313764801
1_none_baseline,PaCO2_last,non_SOFA,-0.00046299744173484145
1_none_baseline,SaO2_last,SOFA_other(MAP+resp),0.0016034100046709188
1_none_baseline,AST_last,non_SOFA,0.00042215524651216253
1_none_baseline,BUN_last,non_SOFA,0.0006432775119917467
1_none_baseline,Alkalinephos_last,non_SOFA,-0.0004652661229980537
1_none_baseline,Calcium_last,non_SOFA,0.0011497289884679796
1_none_baseline,Chloride_last,non_SOFA,-0.00036178103868727554
1_none_baseline,Creatinine_last,SOFA_lab_core,0.001053723204744128
1_none_baseline,Bilirubin_direct_last,non_SOFA,-0.00018585883839525308
1_none_baseline,Glucose_last,non_SOFA,0.0015855516502994772
1_none_baseline,Lactate_last,non_SOFA,-0.0014012369367335353
1_none_baseline,Magnesium_last,non_SOFA,0.0002467590899611238
1_none_baseline,Phosphate_last,non_SOFA,-0.0001598239233804144
1_none_baseline,Potassium_last,non_SOFA,0.0003757390972516095
1_none_baseline,Bilirubin_total_last,SOFA_lab_core,-0.00114215834599099
1_none_baseline,TroponinI_last,non_SOFA,0.0013592558553715995
1_none_baseline,Hct_last,non_SOFA,0.001972284147219472
1_none_baseline,Hgb_last,non_SOFA,0.001223826328858485
1_none_baseline,PTT_last,non_SOFA,-0.0005977220676275652
1_none_baseline,WBC_last,non_SOFA,-9.45841859897878e-06
1_none_baseline,Fibrinogen_last,non_SOFA,-0.00016254181548283064
1_none_baseline,Platelets_last,SOFA_lab_core,0.0011057806989876462
1_none_baseline,Gender,non_SOFA,9.396618246618749e-05
1_none_baseline,Unit1,non_SOFA,0.0022198509671295663
1_none_baseline,Unit2,non_SOFA,0.000887597819184277
1_none_baseline,HR_n,non_SOFA,-0.0010243359231871141
1_none_baseline,O2Sat_n,SOFA_other(MAP+resp),-0.000648405689649617
1_none_baseline,Temp_n,non_SOFA,0.000431357067443644
1_none_baseline,SBP_n,non_SOFA,-0.001902632088707301
1_none_baseline,MAP_n,SOFA_other(MAP+resp),-0.0010555530808925128
1_none_baseline,DBP_n,non_SOFA,-0.0004365659580964909
1_none_baseline,Resp_n,non_SOFA,0.0011153441235294548
1_none_baseline,EtCO2_n,non_SOFA,0.0017829022120899873
1_none_baseline,BaseExcess_n,non_SOFA,0.0009204070234666184
1_none_baseline,HCO3_n,non_SOFA,0.0006059619133607141
1_none_baseline,FiO2_n,SOFA_other(MAP+resp),0.0037189843834642467
1_none_baseline,pH_n,non_SOFA,-0.0003140984880999287
1_none_baseline,PaCO2_n,non_SOFA,0.0005437623499904953
1_none_baseline,SaO2_n,SOFA_other(MAP+resp),0.000641714753378142
1_none_baseline,AST_n,non_SOFA,0.00041360788159502395
1_none_baseline,BUN_n,non_SOFA,0.00012512310415057625
1_none_baseline,Alkalinephos_n,non_SOFA,0.0012229070747197756
1_none_baseline,Calcium_n,non_SOFA,0.0009976419806680182
1_none_baseline,Chloride_n,non_SOFA,0.00047472473609870834
1_none_baseline,Creatinine_n,SOFA_lab_core,-6.319605081684388e-05
1_none_baseline,Bilirubin_direct_n,non_SOFA,4.159718145524405e-06
1_none_baseline,Glucose_n,non_SOFA,-0.0002473457429197301
1_none_baseline,Lactate_n,non_SOFA,0.00038116645815469696
1_none_baseline,Magnesium_n,non_SOFA,0.0007733101426349697
1_none_baseline,Phosphate_n,non_SOFA,0.0007118846235949106
1_none_baseline,Potassium_n,non_SOFA,9.100363930646948e-05
1_none_baseline,Bilirubin_total_n,SOFA_lab_core,-8.120463891729268e-05
1_none_baseline,TroponinI_n,non_SOFA,-0.00016862335834668673
1_none_baseline,Hct_n,non_SOFA,-0.0004049118520907613
1_none_baseline,Hgb_n,non_SOFA,0.0008829305183086667
1_none_baseline,PTT_n,non_SOFA,-0.0003897512824671545
1_none_baseline,WBC_n,non_SOFA,0.000676519651506563
1_none_baseline,Fibrinogen_n,non_SOFA,-4.105717640517925e-05
1_none_baseline,Platelets_n,SOFA_lab_core,0.0002645323906426966
1_none_baseline,HR_measured,non_SOFA,-0.0006910804160730588
1_none_baseline,O2Sat_measured,SOFA_other(MAP+resp),-0.0003647866105523978
1_none_baseline,Temp_measured,non_SOFA,-0.00024081538018749237
1_none_baseline,SBP_measured,non_SOFA,-0.0007864168592184861
1_none_baseline,MAP_measured,SOFA_other(MAP+resp),-0.0001740057537183648
1_none_baseline,DBP_measured,non_SOFA,0.00018569974229717956
1_none_baseline,Resp_measured,non_SOFA,0.0003604324766107281
1_none_baseline,EtCO2_measured,non_SOFA,0.0011808023838112524
1_none_baseline,BaseExcess_measured,non_SOFA,0.0004622170051113594
1_none_baseline,HCO3_measured,non_SOFA,0.0001149227512321771
1_none_baseline,FiO2_measured,SOFA_other(MAP+resp),0.0006900691037225847
1_none_baseline,pH_measured,non_SOFA,0.0012487585713585215
1_none_baseline,PaCO2_measured,non_SOFA,-9.68558697238331e-05
1_none_baseline,SaO2_measured,SOFA_other(MAP+resp),-0.0005155358513480202
1_none_baseline,AST_measured,non_SOFA,0.0006452060633673595
1_none_baseline,BUN_measured,non_SOFA,0.0002604672407647113
1_none_baseline,Alkalinephos_measured,non_SOFA,-0.00010094494628409834
1_none_baseline,Calcium_measured,non_SOFA,0.00015592667649317883
1_none_baseline,Chloride_measured,non_SOFA,0.000334758150040404
1_none_baseline,Creatinine_measured,SOFA_lab_core,1.680675808147236e-05
1_none_baseline,Bilirubin_direct_measured,non_SOFA,-3.3222714603287075e-05
1_none_baseline,Glucose_measured,non_SOFA,0.0002528827601188721
1_none_baseline,Lactate_measured,non_SOFA,-0.0002776182674247785
1_none_baseline,Magnesium_measured,non_SOFA,0.0004360641654610364
1_none_baseline,Phosphate_measured,non_SOFA,0.0002727310645173842
1_none_baseline,Potassium_measured,non_SOFA,-0.00021833585693461499
1_none_baseline,Bilirubin_total_measured,SOFA_lab_core,-0.0003263039470122409
1_none_baseline,TroponinI_measured,non_SOFA,-0.00018303148194709907
1_none_baseline,Hct_measured,non_SOFA,0.00011142885021775406
1_none_baseline,Hgb_measured,non_SOFA,0.0009980711094878913
1_none_baseline,PTT_measured,non_SOFA,-6.706934736516734e-05
1_none_baseline,WBC_measured,non_SOFA,0.0005133023800278525
1_none_baseline,Fibrinogen_measured,non_SOFA,-6.664032326480495e-05
1_none_baseline,Platelets_measured,SOFA_lab_core,0.0007615957786410443
8_SMOTETomek_aggressive,Age,non_SOFA,-0.0051143844759899085
8_SMOTETomek_aggressive,HospAdmTime,non_SOFA,0.0029938966329596138
8_SMOTETomek_aggressive,HR_mean,non_SOFA,0.0013841976601679628
8_SMOTETomek_aggressive,HR_min,non_SOFA,0.0008302559321631542
8_SMOTETomek_aggressive,HR_max,non_SOFA,-0.0009987377528723196
8_SMOTETomek_aggressive,HR_std,non_SOFA,0.00041318579438894833
8_SMOTETomek_aggressive,O2Sat_mean,SOFA_other(MAP+resp),-9.773187070777345e-05
8_SMOTETomek_aggressive,O2Sat_min,SOFA_other(MAP+resp),-6.332360982519436e-07
8_SMOTETomek_aggressive,O2Sat_max,SOFA_other(MAP+resp),0.0023534894335070443
8_SMOTETomek_aggressive,O2Sat_std,SOFA_other(MAP+resp),-0.001195667209911533
8_SMOTETomek_aggressive,Temp_mean,non_SOFA,-0.002504049902643424
8_SMOTETomek_aggressive,Temp_min,non_SOFA,-0.00022125605030473005
8_SMOTETomek_aggressive,Temp_max,non_SOFA,-0.0005327821554741319
8_SMOTETomek_aggressive,Temp_std,non_SOFA,-0.00020739006023978157
8_SMOTETomek_aggressive,SBP_mean,non_SOFA,-0.0010106062513299096
8_SMOTETomek_aggressive,SBP_min,non_SOFA,6.746909019644253e-05
8_SMOTETomek_aggressive,SBP_max,non_SOFA,-0.0013806189740831198
8_SMOTETomek_aggressive,SBP_std,non_SOFA,8.627800213377723e-05
8_SMOTETomek_aggressive,MAP_mean,SOFA_other(MAP+resp),0.0008181085737944016
8_SMOTETomek_aggressive,MAP_min,SOFA_other(MAP+resp),0.0009955120882525815
8_SMOTETomek_aggressive,MAP_max,SOFA_other(MAP+resp),-3.394504502982065e-05
8_SMOTETomek_aggressive,MAP_std,SOFA_other(MAP+resp),-0.0010586386577499773
8_SMOTETomek_aggressive,DBP_mean,non_SOFA,0.000886356692072876
8_SMOTETomek_aggressive,DBP_min,non_SOFA,0.000375423965040389
8_SMOTETomek_aggressive,DBP_max,non_SOFA,0.0006451313329827512
8_SMOTETomek_aggressive,DBP_std,non_SOFA,-0.00011633924331876378
8_SMOTETomek_aggressive,Resp_mean,non_SOFA,-0.0008033351115943443
8_SMOTETomek_aggressive,Resp_min,non_SOFA,0.003002642972387959
8_SMOTETomek_aggressive,Resp_max,non_SOFA,0.0008285136257418446
8_SMOTETomek_aggressive,Resp_std,non_SOFA,0.0014999194228180412
8_SMOTETomek_aggressive,EtCO2_mean,non_SOFA,8.833227714667991e-05
8_SMOTETomek_aggressive,EtCO2_min,non_SOFA,0.0020988134532653802
8_SMOTETomek_aggressive,EtCO2_max,non_SOFA,0.00043133545304192556
8_SMOTETomek_aggressive,EtCO2_std,non_SOFA,0.0009109584755932432
8_SMOTETomek_aggressive,BaseExcess_mean,non_SOFA,0.0009411198272924303
8_SMOTETomek_aggressive,BaseExcess_min,non_SOFA,5.583021202024696e-05
8_SMOTETomek_aggressive,BaseExcess_max,non_SOFA,0.00046230833837885286
8_SMOTETomek_aggressive,BaseExcess_std,non_SOFA,0.00032401922143178165
8_SMOTETomek_aggressive,HCO3_mean,non_SOFA,0.00025521329860261346
8_SMOTETomek_aggressive,HCO3_min,non_SOFA,-0.0008938393405641454
8_SMOTETomek_aggressive,HCO3_max,non_SOFA,0.0008304111858446206
8_SMOTETomek_aggressive,HCO3_std,non_SOFA,-1.9269650301051433e-05
8_SMOTETomek_aggressive,FiO2_mean,SOFA_other(MAP+resp),0.00025094932383460945
8_SMOTETomek_aggressive,FiO2_min,SOFA_other(MAP+resp),0.001755987918618851
8_SMOTETomek_aggressive,FiO2_max,SOFA_other(MAP+resp),-0.00064872625740654
8_SMOTETomek_aggressive,FiO2_std,SOFA_other(MAP+resp),0.0008777231507831218
8_SMOTETomek_aggressive,pH_mean,non_SOFA,-0.0005656101079879516
8_SMOTETomek_aggressive,pH_min,non_SOFA,-0.0001296627765744407
8_SMOTETomek_aggressive,pH_max,non_SOFA,-0.0006289833467188532
8_SMOTETomek_aggressive,pH_std,non_SOFA,-0.00031623170046529703
8_SMOTETomek_aggressive,PaCO2_mean,non_SOFA,-9.498004829536222e-05
8_SMOTETomek_aggressive,PaCO2_min,non_SOFA,-0.0008332069071847858
8_SMOTETomek_aggressive,PaCO2_max,non_SOFA,-8.027028053894102e-05
8_SMOTETomek_aggressive,PaCO2_std,non_SOFA,-0.0004954512896977569
8_SMOTETomek_aggressive,SaO2_mean,SOFA_other(MAP+resp),0.00037193886471512116
8_SMOTETomek_aggressive,SaO2_min,SOFA_other(MAP+resp),0.0003153891072219084
8_SMOTETomek_aggressive,SaO2_max,SOFA_other(MAP+resp),0.0001335705399390319
8_SMOTETomek_aggressive,SaO2_std,SOFA_other(MAP+resp),-4.317472608156292e-06
8_SMOTETomek_aggressive,AST_mean,non_SOFA,-0.0008195517499823945
8_SMOTETomek_aggressive,AST_min,non_SOFA,-0.0004785354337945247
8_SMOTETomek_aggressive,AST_max,non_SOFA,-0.0008762318254396273
8_SMOTETomek_aggressive,AST_std,non_SOFA,-3.521697880930486e-05
8_SMOTETomek_aggressive,BUN_mean,non_SOFA,0.0006916500321667241
8_SMOTETomek_aggressive,BUN_min,non_SOFA,0.0005399897956020694
8_SMOTETomek_aggressive,BUN_max,non_SOFA,-0.0002681368206930268
8_SMOTETomek_aggressive,BUN_std,non_SOFA,-3.067383030938009e-05
8_SMOTETomek_aggressive,Alkalinephos_mean,non_SOFA,-0.0010099192271532998
8_SMOTETomek_aggressive,Alkalinephos_min,non_SOFA,-0.0009976563791401437
8_SMOTETomek_aggressive,Alkalinephos_max,non_SOFA,-0.0009180434596824993
8_SMOTETomek_aggressive,Alkalinephos_std,non_SOFA,-1.2495396756961874e-05
8_SMOTETomek_aggressive,Calcium_mean,non_SOFA,-0.00018074746850117452
8_SMOTETomek_aggressive,Calcium_min,non_SOFA,-0.00026117405781973525
8_SMOTETomek_aggressive,Calcium_max,non_SOFA,0.0006582505369646496
8_SMOTETomek_aggressive,Calcium_std,non_SOFA,6.890303469210824e-05
8_SMOTETomek_aggressive,Chloride_mean,non_SOFA,0.00022697583855301183
8_SMOTETomek_aggressive,Chloride_min,non_SOFA,-0.000356601386078742
8_SMOTETomek_aggressive,Chloride_max,non_SOFA,0.0006736273626553213
8_SMOTETomek_aggressive,Chloride_std,non_SOFA,4.368653664903466e-05
8_SMOTETomek_aggressive,Creatinine_mean,SOFA_lab_core,0.0006741477141634034
8_SMOTETomek_aggressive,Creatinine_min,SOFA_lab_core,-0.00046395518577246886
8_SMOTETomek_aggressive,Creatinine_max,SOFA_lab_core,-0.0009033396867243581
8_SMOTETomek_aggressive,Creatinine_std,SOFA_lab_core,-1.052875161616784e-06
8_SMOTETomek_aggressive,Bilirubin_direct_mean,non_SOFA,-7.431928552558143e-05
8_SMOTETomek_aggressive,Bilirubin_direct_min,non_SOFA,-8.183267384009318e-05
8_SMOTETomek_aggressive,Bilirubin_direct_max,non_SOFA,-0.00013862009412210496
8_SMOTETomek_aggressive,Bilirubin_direct_std,non_SOFA,0.0
8_SMOTETomek_aggressive,Glucose_mean,non_SOFA,0.002034168318451335
8_SMOTETomek_aggressive,Glucose_min,non_SOFA,0.0016212729605294685
8_SMOTETomek_aggressive,Glucose_max,non_SOFA,0.0023982594770629085
8_SMOTETomek_aggressive,Glucose_std,non_SOFA,0.0005670213226198651
8_SMOTETomek_aggressive,Lactate_mean,non_SOFA,-0.0009800012364233335
8_SMOTETomek_aggressive,Lactate_min,non_SOFA,-0.00014184793667142425
8_SMOTETomek_aggressive,Lactate_max,non_SOFA,-0.0008948753098032891
8_SMOTETomek_aggressive,Lactate_std,non_SOFA,-0.0005644369660295856
8_SMOTETomek_aggressive,Magnesium_mean,non_SOFA,-4.966354717728106e-06
8_SMOTETomek_aggressive,Magnesium_min,non_SOFA,-0.0010101570645297763
8_SMOTETomek_aggressive,Magnesium_max,non_SOFA,-0.0007372285919638566
8_SMOTETomek_aggressive,Magnesium_std,non_SOFA,0.00013018973968203506
8_SMOTETomek_aggressive,Phosphate_mean,non_SOFA,-0.00022212760094538208
8_SMOTETomek_aggressive,Phosphate_min,non_SOFA,-0.0002195695544825238
8_SMOTETomek_aggressive,Phosphate_max,non_SOFA,0.0005657290473362775
8_SMOTETomek_aggressive,Phosphate_std,non_SOFA,-7.542511418869302e-05
8_SMOTETomek_aggressive,Potassium_mean,non_SOFA,5.460127308362095e-05
8_SMOTETomek_aggressive,Potassium_min,non_SOFA,0.0019804533404093106
8_SMOTETomek_aggressive,Potassium_max,non_SOFA,-0.0001572932067670174
8_SMOTETomek_aggressive,Potassium_std,non_SOFA,-0.0003586258436114265
8_SMOTETomek_aggressive,Bilirubin_total_mean,SOFA_lab_core,0.0003145742810500174
8_SMOTETomek_aggressive,Bilirubin_total_min,SOFA_lab_core,0.0001106662616839782
8_SMOTETomek_aggressive,Bilirubin_total_max,SOFA_lab_core,-3.603776324265229e-05
8_SMOTETomek_aggressive,Bilirubin_total_std,SOFA_lab_core,9.911128577844152e-08
8_SMOTETomek_aggressive,TroponinI_mean,non_SOFA,-0.00011255910960055182
8_SMOTETomek_aggressive,TroponinI_min,non_SOFA,-0.000655879189884162
8_SMOTETomek_aggressive,TroponinI_max,non_SOFA,-0.0001367556294495309
8_SMOTETomek_aggressive,TroponinI_std,non_SOFA,1.9820401316539283e-06
8_SMOTETomek_aggressive,Hct_mean,non_SOFA,0.00033630661986802093
8_SMOTETomek_aggressive,Hct_min,non_SOFA,-0.00021002146330399983
8_SMOTETomek_aggressive,Hct_max,non_SOFA,-0.00035867453503966585
8_SMOTETomek_aggressive,Hct_std,non_SOFA,8.874524957657725e-05
8_SMOTETomek_aggressive,Hgb_mean,non_SOFA,-0.00031874479619332653
8_SMOTETomek_aggressive,Hgb_min,non_SOFA,0.00034096069459867986
8_SMOTETomek_aggressive,Hgb_max,non_SOFA,-1.659741412348148e-05
8_SMOTETomek_aggressive,Hgb_std,non_SOFA,-0.00013046483991280278
8_SMOTETomek_aggressive,PTT_mean,non_SOFA,0.0002696943986920386
8_SMOTETomek_aggressive,PTT_min,non_SOFA,-7.130719575032529e-05
8_SMOTETomek_aggressive,PTT_max,non_SOFA,-8.484173308109244e-05
8_SMOTETomek_aggressive,PTT_std,non_SOFA,8.939934832064012e-05
8_SMOTETomek_aggressive,WBC_mean,non_SOFA,-0.0003323573135070146
8_SMOTETomek_aggressive,WBC_min,non_SOFA,0.0013444119848490977
8_SMOTETomek_aggressive,WBC_max,non_SOFA,0.0005045025936872005
8_SMOTETomek_aggressive,WBC_std,non_SOFA,7.644983085926538e-05
8_SMOTETomek_aggressive,Fibrinogen_mean,non_SOFA,9.742823609102392e-05
8_SMOTETomek_aggressive,Fibrinogen_min,non_SOFA,-0.0001243418033232968
8_SMOTETomek_aggressive,Fibrinogen_max,non_SOFA,-9.98948720183801e-05
8_SMOTETomek_aggressive,Fibrinogen_std,non_SOFA,-8.42157344661365e-05
8_SMOTETomek_aggressive,Platelets_mean,SOFA_lab_core,8.699293389992091e-05
8_SMOTETomek_aggressive,Platelets_min,SOFA_lab_core,9.035905748981387e-05
8_SMOTETomek_aggressive,Platelets_max,SOFA_lab_core,0.0005899450393782035
8_SMOTETomek_aggressive,Platelets_std,SOFA_lab_core,6.699119399026233e-05
8_SMOTETomek_aggressive,HR_last,non_SOFA,0.00032420756945809035
8_SMOTETomek_aggressive,O2Sat_last,SOFA_other(MAP+resp),0.0033522591452823545
8_SMOTETomek_aggressive,Temp_last,non_SOFA,0.0029541395060713295
8_SMOTETomek_aggressive,SBP_last,non_SOFA,0.00033740120367463654
8_SMOTETomek_aggressive,MAP_last,SOFA_other(MAP+resp),-0.00018573517780537952
8_SMOTETomek_aggressive,DBP_last,non_SOFA,0.0015897212963336348
8_SMOTETomek_aggressive,Resp_last,non_SOFA,0.001300756151721255
8_SMOTETomek_aggressive,EtCO2_last,non_SOFA,0.0008843212600362915
8_SMOTETomek_aggressive,BaseExcess_last,non_SOFA,-0.0006147736255032344
8_SMOTETomek_aggressive,HCO3_last,non_SOFA,0.0003030438531899715
8_SMOTETomek_aggressive,FiO2_last,SOFA_other(MAP+resp),-0.000619187611201183
8_SMOTETomek_aggressive,pH_last,non_SOFA,-0.00014628413615530578
8_SMOTETomek_aggressive,PaCO2_last,non_SOFA,-0.0014202314460866837
8_SMOTETomek_aggressive,SaO2_last,SOFA_other(MAP+resp),0.0002736674073150369
8_SMOTETomek_aggressive,AST_last,non_SOFA,-0.0005910412507796226
8_SMOTETomek_aggressive,BUN_last,non_SOFA,-0.00010083119734835555
8_SMOTETomek_aggressive,Alkalinephos_last,non_SOFA,-0.0007623045268444317
8_SMOTETomek_aggressive,Calcium_last,non_SOFA,0.00028612630208917913
8_SMOTETomek_aggressive,Chloride_last,non_SOFA,-0.0005688085587210179
8_SMOTETomek_aggressive,Creatinine_last,SOFA_lab_core,0.0004986923806715671
8_SMOTETomek_aggressive,Bilirubin_direct_last,non_SOFA,-1.6158591057080507e-05
8_SMOTETomek_aggressive,Glucose_last,non_SOFA,0.0021302574643150664
8_SMOTETomek_aggressive,Lactate_last,non_SOFA,0.00018664892987980687
8_SMOTETomek_aggressive,Magnesium_last,non_SOFA,-0.0006227007728966504
8_SMOTETomek_aggressive,Phosphate_last,non_SOFA,-0.0008451852601703891
8_SMOTETomek_aggressive,Potassium_last,non_SOFA,0.000939026191998682
8_SMOTETomek_aggressive,Bilirubin_total_last,SOFA_lab_core,0.0003770020212854219
8_SMOTETomek_aggressive,TroponinI_last,non_SOFA,-0.00021327840377693418
8_SMOTETomek_aggressive,Hct_last,non_SOFA,0.00040073768664287133
8_SMOTETomek_aggressive,Hgb_last,non_SOFA,-0.00041967284218490943
8_SMOTETomek_aggressive,PTT_last,non_SOFA,-0.0003678213337098224
8_SMOTETomek_aggressive,WBC_last,non_SOFA,0.0006533962091651746
8_SMOTETomek_aggressive,Fibrinogen_last,non_SOFA,-0.0002171999552031123
8_SMOTETomek_aggressive,Platelets_last,SOFA_lab_core,0.0009111428312056968
8_SMOTETomek_aggressive,Gender,non_SOFA,0.004972241444691661
8_SMOTETomek_aggressive,Unit1,non_SOFA,0.01329220516526794
8_SMOTETomek_aggressive,Unit2,non_SOFA,0.013941484370015644
8_SMOTETomek_aggressive,HR_n,non_SOFA,0.00013179670191250105
8_SMOTETomek_aggressive,O2Sat_n,SOFA_other(MAP+resp),-9.215651468461595e-05
8_SMOTETomek_aggressive,Temp_n,non_SOFA,0.006206790219455233
8_SMOTETomek_aggressive,SBP_n,non_SOFA,-0.001477403797795862
8_SMOTETomek_aggressive,MAP_n,SOFA_other(MAP+resp),-0.0013418557094268147
8_SMOTETomek_aggressive,DBP_n,non_SOFA,6.907741498300979e-05
8_SMOTETomek_aggressive,Resp_n,non_SOFA,0.0026010832557026133
8_SMOTETomek_aggressive,EtCO2_n,non_SOFA,0.003295545547867601
8_SMOTETomek_aggressive,BaseExcess_n,non_SOFA,0.0004628722480469694
8_SMOTETomek_aggressive,HCO3_n,non_SOFA,0.0010773759756302792
8_SMOTETomek_aggressive,FiO2_n,SOFA_other(MAP+resp),0.01813863094153667
8_SMOTETomek_aggressive,pH_n,non_SOFA,-0.0008691817055959172
8_SMOTETomek_aggressive,PaCO2_n,non_SOFA,0.0001791492162068864
8_SMOTETomek_aggressive,SaO2_n,SOFA_other(MAP+resp),-0.002086735394195088
8_SMOTETomek_aggressive,AST_n,non_SOFA,0.0007512548259298258
8_SMOTETomek_aggressive,BUN_n,non_SOFA,7.309607411872809e-05
8_SMOTETomek_aggressive,Alkalinephos_n,non_SOFA,0.0018027269177087802
8_SMOTETomek_aggressive,Calcium_n,non_SOFA,0.0013999203750055312
8_SMOTETomek_aggressive,Chloride_n,non_SOFA,-0.0009170436865432674
8_SMOTETomek_aggressive,Creatinine_n,SOFA_lab_core,0.0001891515832429358
8_SMOTETomek_aggressive,Bilirubin_direct_n,non_SOFA,-0.0005351455174659459
8_SMOTETomek_aggressive,Glucose_n,non_SOFA,0.007711000903210691
8_SMOTETomek_aggressive,Lactate_n,non_SOFA,-0.0023878870757039483
8_SMOTETomek_aggressive,Magnesium_n,non_SOFA,0.0014237927566004061
8_SMOTETomek_aggressive,Phosphate_n,non_SOFA,0.0009180118869475618
8_SMOTETomek_aggressive,Potassium_n,non_SOFA,0.0012046398474552578
8_SMOTETomek_aggressive,Bilirubin_total_n,SOFA_lab_core,-0.00019254938216811123
8_SMOTETomek_aggressive,TroponinI_n,non_SOFA,-0.0006515068420785364
8_SMOTETomek_aggressive,Hct_n,non_SOFA,0.0005157072521776163
8_SMOTETomek_aggressive,Hgb_n,non_SOFA,0.0005512794307606262
8_SMOTETomek_aggressive,PTT_n,non_SOFA,0.0003609576539613579
8_SMOTETomek_aggressive,WBC_n,non_SOFA,-0.0002659574941904108
8_SMOTETomek_aggressive,Fibrinogen_n,non_SOFA,-0.00013043682923320478
8_SMOTETomek_aggressive,Platelets_n,SOFA_lab_core,0.000450474387910349
8_SMOTETomek_aggressive,HR_measured,non_SOFA,-0.0002294335680897319
8_SMOTETomek_aggressive,O2Sat_measured,SOFA_other(MAP+resp),-0.00021306994145807722
8_SMOTETomek_aggressive,Temp_measured,non_SOFA,-0.0006058366201580345
8_SMOTETomek_aggressive,SBP_measured,non_SOFA,-0.00021760161818581424
8_SMOTETomek_aggressive,MAP_measured,SOFA_other(MAP+resp),-0.00013230549911015245
8_SMOTETomek_aggressive,DBP_measured,non_SOFA,-9.374166193945043e-05
8_SMOTETomek_aggressive,Resp_measured,non_SOFA,0.00035294558405606915
8_SMOTETomek_aggressive,EtCO2_measured,non_SOFA,0.0007032973342096571
8_SMOTETomek_aggressive,BaseExcess_measured,non_SOFA,-0.0005738405821083647
8_SMOTETomek_aggressive,HCO3_measured,non_SOFA,0.0015152685029835966
8_SMOTETomek_aggressive,FiO2_measured,SOFA_other(MAP+resp),0.00787168445460899
8_SMOTETomek_aggressive,pH_measured,non_SOFA,-0.0017485243136529105
8_SMOTETomek_aggressive,PaCO2_measured,non_SOFA,-0.001138465907910119
8_SMOTETomek_aggressive,SaO2_measured,SOFA_other(MAP+resp),6.074414669651751e-05
8_SMOTETomek_aggressive,AST_measured,non_SOFA,0.0006969434868724367
8_SMOTETomek_aggressive,BUN_measured,non_SOFA,3.315057693470957e-05
8_SMOTETomek_aggressive,Alkalinephos_measured,non_SOFA,0.0012430815913429595
8_SMOTETomek_aggressive,Calcium_measured,non_SOFA,0.0012150823803038168
8_SMOTETomek_aggressive,Chloride_measured,non_SOFA,-0.0007744643512339778
8_SMOTETomek_aggressive,Creatinine_measured,SOFA_lab_core,0.002432684528711826
8_SMOTETomek_aggressive,Bilirubin_direct_measured,non_SOFA,-0.00017648412160728988
8_SMOTETomek_aggressive,Glucose_measured,non_SOFA,0.004101337307587977
8_SMOTETomek_aggressive,Lactate_measured,non_SOFA,-0.0021310837390365713
8_SMOTETomek_aggressive,Magnesium_measured,non_SOFA,0.00044476954158731983
8_SMOTETomek_aggressive,Phosphate_measured,non_SOFA,-0.00026510519585845604
8_SMOTETomek_aggressive,Potassium_measured,non_SOFA,-0.0002650954036397979
8_SMOTETomek_aggressive,Bilirubin_total_measured,SOFA_lab_core,0.0006520149416690991
8_SMOTETomek_aggressive,TroponinI_measured,non_SOFA,5.702721794640375e-05
8_SMOTETomek_aggressive,Hct_measured,non_SOFA,0.0024070224591936974
8_SMOTETomek_aggressive,Hgb_measured,non_SOFA,-0.0006029185713759489
8_SMOTETomek_aggressive,PTT_measured,non_SOFA,-2.121010223331554e-05
8_SMOTETomek_aggressive,WBC_measured,non_SOFA,0.0024570738143802895
8_SMOTETomek_aggressive,Fibrinogen_measured,non_SOFA,9.868820623221141e-06
8_SMOTETomek_aggressive,Platelets_measured,SOFA_lab_core,0.0008920941338751099
